,成交股數
0,17382646.0
1,7250709.0
2,7853046.0
3,3597592.0
4,503734.0
5,121832.0
6,758704.0
7,185435.0
8,398240.0
9,183090.0
10,203585.0
11,106996.0
12,361520.0
13,86284.0
14,588142.0
15,290436.0
16,32431.0
17,5403.0
18,1916790.0
19,1231929.0
20,44001.0
21,19155.0
22,376309.0
23,194061.0
24,22027034.0
25,4802506.0
26,1806219.0
27,510462.0
28,1919776.0
29,588691.0
30,857592.0
31,272842.0
32,1098772.0
33,384119.0
34,2032745.0
35,2472320.0
36,1028139.0
37,427039.0
38,3272786.0
39,2416168.0
40,420020.0
41,124814.0
42,111032.0
43,15807.0
44,18234.0
45,14125.0
46,198875.0
47,46584.0
48,77930.0
49,21502.0
50,19279.0
51,11492.0
52,37581.0
53,27050.0
54,40181875.0
55,58552808.0
56,19774855.0
57,25137101.0
58,5146717.0
59,7981205.0
60,1699690.0
61,2058405.0
62,1402557.0
63,1334781.0
64,1428079.0
65,1477395.0
66,1985762.0
67,1619075.0
68,955206.0
69,1733903.0
70,7341137.0
71,8534626.0
72,2174199.0
73,2553693.0
74,12215458.0
75,11879471.0
76,28027.0
77,2585.0
78,5625058.0
79,2991642.0
80,3150050.0
81,10046073.0
82,248524.0
83,145132.0
84,28163.0
85,8607.0
86,116883.0
87,51383.0
88,22265154.0
89,9505041.0
90,20684709.0
91,27619839.0
92,283558.0
93,212424.0
94,157401.0
95,72098.0
96,60316.0
97,29246.0
98,175146.0
99,112854.0
100,18280.0
101,4154.0
102,350178.0
103,127302.0
104,14229852.0
105,5908656.0
106,1915681.0
107,957998.0
108,88242.0
109,30047.0
110,510889.0
111,72561.0
112,1027124.0
113,558377.0
114,690336.0
115,296825.0
116,362492.0
117,202319.0
118,5045.0
119,21103.0
120,122065.0
121,25224.0
122,83066.0
123,79025.0
124,378005.0
125,127428.0
126,2317243.0
127,2328277.0
128,1357.0
129,4346.0
130,423267.0
131,115904.0
132,145480.0
133,42100.0
134,225939.0
135,87932.0
136,32024.0
137,9209.0
138,1483119.0
139,497935.0
140,20902.0
141,23477.0
142,3246567.0
143,3232291.0
144,15037.0
145,15360.0
146,1266441.0
147,506492.0
148,57304.0
149,55050.0
150,734684.0
151,642484.0
152,1357448.0
153,572416.0
154,3908757.0
155,2526794.0
156,222403.0
157,51947.0
158,97108.0
159,17593.0
160,218320.0
161,496588.0
162,30895.0
163,54028.0
164,802333.0
165,231294.0
166,39001.0
167,81119.0
168,336555.0
169,152040.0
170,107840.0
171,91619.0
172,456131.0
173,332270.0
174,206182.0
175,54698.0
176,2166205.0
177,881287.0
178,74645.0
179,13351.0
180,183546.0
181,46327.0
182,191268.0
183,52174.0
184,39000.0
185,30000.0
186,3089.0
187,2000.0
188,629111.0
189,278355.0
190,26534.0
191,41393.0
192,761069.0
193,563522.0
194,230897.0
195,141671.0
196,82593.0
197,51703.0
198,569533.0
199,445746.0
200,1339473.0
201,1192894.0
202,2135940.0
203,1124900.0
204,4793801.0
205,1970879.0
206,39253.0
207,95603.0
208,74819.0
209,20026.0
210,3356548.0
211,1984622.0
212,3651622.0
213,2143021.0
214,515653.0
215,119360.0
216,186237.0
217,58811.0
218,375438.0
219,158812.0
220,4008299.0
221,3054497.0
222,64816.0
223,92100.0
224,2217850.0
225,3686055.0
226,3491485.0
227,9380615.0
228,39780.0
229,29283.0
230,41223.0
231,18433.0
232,437616.0
233,638288.0
234,2673265.0
235,1488751.0
236,548380.0
237,203383.0
238,64341.0
239,14270.0
240,598780.0
241,119528.0
242,1457960.0
243,782692.0
244,118879.0
245,427937.0
246,125150.0
247,73449.0
248,5324461.0
249,1862040.0
250,408019.0
251,150732.0
252,20327.0
253,8321.0
254,645437.0
255,225519.0
256,1403033.0
257,868768.0
258,18655.0
259,2313.0
260,179215.0
261,44628.0
262,2423425.0
263,1185476.0
264,798740.0
265,370196.0
266,220625.0
267,44579.0
268,945344.0
269,579974.0
270,36200.0
271,15150.0
272,577470.0
273,363588.0
274,356885.0
275,170820.0
276,653838.0
277,711016.0
278,4059087.0
279,4594401.0
280,1465291.0
281,478838.0
282,515354.0
283,158759.0
284,269784.0
285,101277.0
286,17494260.0
287,9195291.0
288,1377136.0
289,669440.0
290,5628840.0
291,2262260.0
292,722186.0
293,412758.0
294,1306948.0
295,389924.0
296,151256.0
297,50120.0
298,175815.0
299,41000.0
300,750177.0
301,184550.0
302,534404.0
303,172772.0
304,4525960.0
305,7237849.0
306,42731.0
307,10600.0
308,966886.0
309,341597.0
310,143262.0
311,100806.0
312,1259854.0
313,844403.0
314,672820.0
315,235554.0
316,1461661.0
317,842772.0
318,2705080.0
319,1645419.0
320,638311.0
321,257069.0
322,131853.0
323,49028.0
324,1639130.0
325,655244.0
326,1891326.0
327,1291338.0
328,3109244.0
329,1825767.0
330,385225.0
331,163891.0
332,2046170.0
333,1839659.0
334,5056345.0
335,2301749.0
336,522511.0
337,174976.0
338,139747.0
339,139005.0
340,128225.0
341,16198.0
342,879153.0
343,429236.0
344,40295.0
345,14663.0
346,230440.0
347,35007.0
348,7989751.0
349,2482933.0
350,250040.0
351,97147.0
352,303846.0
353,110151.0
354,117649.0
355,29280.0
356,780166.0
357,1948952.0
358,327701.0
359,89334.0
360,279114.0
361,87085.0
362,265311.0
363,98355.0
364,233650.0
365,84149.0
366,509384.0
367,435165.0
368,369741.0
369,94149.0
370,644014.0
371,251206.0
372,784515.0
373,1879895.0
374,640070.0
375,362019.0
376,1987733.0
377,1084793.0
378,6573218.0
379,5207919.0
380,261322.0
381,156682.0
382,1642582.0
383,1389254.0
384,1473805.0
385,790843.0
386,603082.0
387,321968.0
388,1265505.0
389,259377.0
390,175538.0
391,39373.0
392,433589.0
393,160142.0
394,1872787.0
395,831772.0
396,1405346.0
397,916059.0
398,159500.0
399,24702.0
400,1487999.0
401,680883.0
402,1476216.0
403,723817.0
404,48332042.0
405,28218194.0
406,3189896.0
407,1074466.0
408,351950.0
409,248438.0
410,104018.0
411,18100.0
412,1081525.0
413,598819.0
414,1253234.0
415,311689.0
416,121026.0
417,28358.0
418,102072.0
419,42125.0
420,4170232.0
421,2896633.0
422,573612.0
423,324703.0
424,682044.0
425,381214.0
426,680952.0
427,224666.0
428,508693.0
429,528431.0
430,1748938.0
431,1442965.0
432,1115.0
433,10201.0
434,590489.0
435,859234.0
436,11402613.0
437,9860956.0
438,127377.0
439,130979.0
440,374254.0
441,80142.0
442,637680.0
443,240067.0
444,508013.0
445,556237.0
446,205351.0
447,85954.0
448,174363.0
449,80018.0
450,915417.0
451,826136.0
452,405987.0
453,441005.0
454,9065516.0
455,4832989.0
456,1136844.0
457,516735.0
458,1718766.0
459,1194119.0
460,565922.0
461,158743.0
462,2423606.0
463,1749418.0
464,399668.0
465,414352.0
466,1341518.0
467,878394.0
468,2000076.0
469,1137122.0
470,6623723.0
471,3972549.0
472,1002859.0
473,397449.0
474,372428.0
475,199670.0
476,429337.0
477,213313.0
478,355669.0
479,198010.0
480,54105.0
481,31426.0
482,71782.0
483,30503.0
484,19448834.0
485,6507704.0
486,4082594.0
487,2110741.0
488,831438.0
489,505031.0
490,447477.0
491,181539.0
492,2802969.0
493,1544101.0
494,2684897.0
495,709239.0
496,137779.0
497,59254.0
498,481231.0
499,275290.0
500,1072472.0
501,502902.0
502,3491110.0
503,1760220.0
504,427449.0
505,156880.0
506,74735.0
507,95004.0
508,698235.0
509,166438.0
510,2872470.0
511,571281.0
512,56437.0
513,43758.0
514,1688130.0
515,3069611.0
516,393051.0
517,442002.0
518,1014207.0
519,3403439.0
520,6477138.0
521,4566348.0
522,2139339.0
523,938417.0
524,49325493.0
525,37186189.0
526,668257.0
527,347206.0
528,9734037.0
529,10194540.0
530,21265967.0
531,39490351.0
532,14866881.0
533,5394151.0
534,3262268.0
535,1539465.0
536,755436.0
537,398936.0
538,157188534.0
539,64355673.0
540,10605.0
541,25536.0
542,6196121.0
543,3283115.0
544,17296996.0
545,13490358.0
546,2902536.0
547,1064861.0
548,5972598.0
549,2816359.0
550,3128733.0
551,1338553.0
552,62629547.0
553,31280235.0
554,1835777.0
555,819080.0
556,12484400.0
557,12681632.0
558,10646753.0
559,4813301.0
560,1709520.0
561,808310.0
562,2363263.0
563,822175.0
564,788743.0
565,185523.0
566,26912495.0
567,16707467.0
568,8128016.0
569,6584927.0
570,4895896.0
571,1771904.0
572,2162309.0
573,1126057.0
574,5149063.0
575,3788885.0
576,1767270.0
577,1056655.0
578,3801507.0
579,1736085.0
580,13309249.0
581,6768136.0
582,26476876.0
583,9726643.0
584,2569006.0
585,949315.0
586,25282660.0
587,29095971.0
588,4338170.0
589,3020537.0
590,10954635.0
591,5110122.0
592,6021311.0
593,3078797.0
594,2350360.0
595,1366893.0
596,8057991.0
597,4220326.0
598,256495.0
599,101286.0
600,5630134.0
601,3948381.0
602,12566798.0
603,5209902.0
604,20656491.0
605,16686269.0
606,1021310.0
607,854990.0
608,31190587.0
609,23850042.0
610,60794.0
611,25368.0
612,17948359.0
613,12174951.0
614,814788.0
615,402826.0
616,7258748.0
617,4091768.0
618,6370459.0
619,2935332.0
620,2798190.0
621,1166996.0
622,127703.0
623,184329.0
624,38450156.0
625,34950275.0
626,5923276.0
627,5008157.0
628,2631776.0
629,2024839.0
630,579000.0
631,293813.0
632,8928517.0
633,7596820.0
634,1653236.0
635,399723.0
636,5042775.0
637,2459431.0
638,4871191.0
639,3044640.0
640,1257232.0
641,579926.0
642,360707.0
643,157515.0
644,2765289.0
645,2714737.0
646,3473383.0
647,1315417.0
648,2238344.0
649,1024880.0
650,2222883.0
651,1610978.0
652,3810829.0
653,2115927.0
654,2345622.0
655,1450813.0
656,22593776.0
657,22426075.0
658,42005467.0
659,36173691.0
660,8494653.0
661,4605748.0
662,502872.0
663,280908.0
664,246204.0
665,74274.0
666,319584.0
667,195192.0
668,1958855.0
669,2025798.0
670,1383029.0
671,645215.0
672,650083.0
673,274462.0
674,2530984.0
675,1033315.0
676,117213.0
677,131444.0
678,4273.0
679,2052.0
680,1422837.0
681,1500321.0
682,2353133.0
683,1433840.0
684,1125300.0
685,456745.0
686,368415.0
687,109819.0
688,2052255.0
689,858592.0
690,70680.0
691,41183.0
692,1291207.0
693,802129.0
694,72316.0
695,52793.0
696,69402.0
697,35469.0
698,4451.0
699,9000.0
700,776820.0
701,724821.0
702,131774.0
703,114962.0
704,2861915.0
705,622483.0
706,183994.0
707,104201.0
708,2482118.0
709,1454416.0
710,1633332.0
711,492969.0
712,938502.0
713,837778.0
714,18298004.0
715,15190754.0
716,97821.0
717,17603.0
718,1514163.0
719,780561.0
720,997412.0
721,985222.0
722,10467556.0
723,5672581.0
724,8694830.0
725,2435734.0
726,4763066.0
727,2352985.0
728,2465777.0
729,1858456.0
730,88539.0
731,34807.0
732,658753.0
733,128715.0
734,275466.0
735,80818.0
736,324942.0
737,82046.0
738,5279141.0
739,2913223.0
740,386001.0
741,102632.0
742,300187.0
743,2458367.0
744,1436588.0
745,1232256.0
746,1301742.0
747,704209.0
748,407923.0
749,339630.0
750,2149349.0
751,1150385.0
752,4112682.0
753,3506513.0
754,1769025.0
755,612006.0
756,791180.0
757,267102.0
758,237443.0
759,232286.0
760,567714.0
761,315197.0
762,1405536.0
763,1795721.0
764,348703.0
765,223617.0
766,127768.0
767,107809.0
768,336609.0
769,131855.0
770,1254900.0
771,597374.0
772,12874719.0
773,4651185.0
774,2156401.0
775,590310.0
776,7120667.0
777,3290697.0
778,79459.0
779,63702.0
780,2205048.0
781,2066160.0
782,560592.0
783,116499.0
784,2357947.0
785,1297169.0
786,112028.0
787,28114.0
788,757349.0
789,293827.0
790,15161182.0
791,8087054.0
792,3343380.0
793,761560.0
794,3092158.0
795,1803533.0
796,381116.0
797,194809.0
798,676285.0
799,157555.0
800,277908.0
801,204965.0
802,2122420.0
803,932174.0
804,811533.0
805,267678.0
806,7011222.0
807,8512032.0
808,2871486.0
809,5415575.0
810,2526762.0
811,1406257.0
812,685611.0
813,377867.0
814,585081.0
815,142284.0
816,1191466.0
817,360236.0
818,939966.0
819,275983.0
820,1656417.0
821,1019585.0
822,240799.0
823,114906.0
824,416860.0
825,62000.0
826,1761712.0
827,1184355.0
828,1064994.0
829,314893.0
830,738325.0
831,341891.0
832,1638365.0
833,1481762.0
834,5983775.0
835,2210911.0
836,8808319.0
837,5411360.0
838,780774.0
839,282865.0
840,152939.0
841,60590.0
842,3304225.0
843,1449670.0
844,935733.0
845,397680.0
846,699535.0
847,509758.0
848,1719219.0
849,991113.0
850,27455735.0
851,12938845.0
852,3732186.0
853,2862568.0
854,10281898.0
855,8155537.0
856,2014707.0
857,933537.0
858,253921.0
859,85578.0
860,42972993.0
861,24387794.0
862,28568899.0
863,10594424.0
864,507685.0
865,294664.0
866,338065.0
867,197736.0
868,712744.0
869,685184.0
870,664806.0
871,244101.0
872,15321271.0
873,6840746.0
874,183320.0
875,107564.0
876,433593.0
877,776236.0
878,32027235.0
879,23812586.0
880,7264837.0
881,2655771.0
882,8373660.0
883,4139243.0
884,4510036.0
885,2408556.0
886,593740.0
887,529013.0
888,6754704.0
889,4754433.0
890,160553.0
891,82802.0
892,979771.0
893,2429638.0
894,7775062.0
895,4013115.0
896,282452.0
897,85347.0
898,106884.0
899,54615.0
900,192260.0
901,38015.0
902,324952.0
903,143832.0
904,443253.0
905,43777.0
906,314011.0
907,100550.0
908,10051.0
909,18001.0
910,206318.0
911,90395.0
912,533982.0
913,375840.0
914,433925.0
915,313465.0
916,387958.0
917,201312.0
918,412975.0
919,98285.0
920,385522.0
921,122509.0
922,168680.0
923,76838.0
924,200956.0
925,27643.0
926,18910469.0
927,10419036.0
928,2854929.0
929,889389.0
930,5939873.0
931,3138366.0
932,225242.0
933,130254.0
934,1151485.0
935,343193.0
936,641223.0
937,91818.0
938,14236859.0
939,9172002.0
940,1182083.0
941,744232.0
942,1801952.0
943,674551.0
944,9338710.0
945,3726462.0
946,264607.0
947,15170.0
948,404202.0
949,108368.0
950,1820419.0
951,463993.0
952,424143.0
953,189606.0
954,4686974.0
955,3563401.0
956,16510733.0
957,3614304.0
958,17531871.0
959,14622891.0
960,22000484.0
961,14924875.0
962,37271562.0
963,22131570.0
964,68478083.0
965,41728253.0
966,24709382.0
967,21482900.0
968,22367344.0
969,15898262.0
970,21316855.0
971,11470604.0
972,38104550.0
973,23712988.0
974,78555.0
975,70008.0
976,65180521.0
977,23552431.0
978,8174994.0
979,2788701.0
980,25703253.0
981,14003033.0
982,44038068.0
983,30300055.0
984,19569970.0
985,10415953.0
986,3767769.0
987,1401855.0
988,35242.0
989,19450.0
990,5363855.0
991,7741879.0
992,27569.0
993,22194.0
994,1740372.0
995,882049.0
996,307188.0
997,61055.0
998,300613.0
999,204000.0
1000,10080.0
1001,13001.0
1002,104356.0
1003,36617.0
1004,1525969.0
1005,1869295.0
1006,2042143.0
1007,679613.0
1008,3558390.0
1009,1949988.0
1010,414908.0
1011,117816.0
1012,1807172.0
1013,1636025.0
1014,23160.0
1015,23005.0
1016,11660.0
1017,2000.0
1018,36111.0
1019,54050.0
1020,1025838.0
1021,543686.0
1022,161367.0
1023,164277.0
1024,4639106.0
1025,4872576.0
1026,4052243.0
1027,1138092.0
1028,2060532.0
1029,769352.0
1030,1412203.0
1031,311057.0
1032,1579410.0
1033,470361.0
1034,14573490.0
1035,17761286.0
1036,1474342.0
1037,315685.0
1038,4283734.0
1039,3452475.0
1040,780461.0
1041,586558.0
1042,10814033.0
1043,8788193.0
1044,56108.0
1045,33075.0
1046,32879179.0
1047,19556945.0
1048,893344.0
1049,238211.0
1050,804095.0
1051,262720.0
1052,703596.0
1053,996793.0
1054,2987571.0
1055,836997.0
1056,3343793.0
1057,1832052.0
1058,546320.0
1059,287486.0
1060,427278.0
1061,269034.0
1062,271920.0
1063,217966.0
1064,3149009.0
1065,2003747.0
1066,1642839.0
1067,678731.0
1068,2057743.0
1069,1102219.0
1070,5089188.0
1071,3362441.0
1072,2151468.0
1073,795263.0
1074,2579726.0
1075,3517062.0
1076,6551683.0
1077,5252283.0
1078,2360255.0
1079,2167481.0
1080,14729939.0
1081,7594769.0
1082,358653.0
1083,259863.0
1084,718620.0
1085,235569.0
1086,5244655.0
1087,3568420.0
1088,1571315.0
1089,1030621.0
1090,741038.0
1091,236138.0
1092,2357110.0
1093,1420216.0
1094,5957011.0
1095,4348110.0
1096,363819.0
1097,143955.0
1098,3327570.0
1099,1799229.0
1100,923988.0
1101,328048.0
1102,2918632.0
1103,1239098.0
1104,2178052.0
1105,1005195.0
1106,1101343.0
1107,516654.0
1108,607205.0
1109,257973.0
1110,59012.0
1111,43197.0
1112,536005.0
1113,368855.0
1114,2397580.0
1115,1037761.0
1116,299750.0
1117,139317.0
1118,389558.0
1119,172168.0
1120,5989415.0
1121,3056238.0
1122,875990.0
1123,376953.0
1124,4966526.0
1125,2076302.0
1126,1379732.0
1127,484351.0
1128,230474.0
1129,75198.0
1130,281845.0
1131,126436.0
1132,20417.0
1133,12410.0
1134,295262.0
1135,99840.0
1136,3572888.0
1137,4238838.0
1138,39000.0
1139,48122.0
1140,57722.0
1141,34840.0
1142,3221926.0
1143,2022692.0
1144,28900.0
1145,13000.0
1146,15702457.0
1147,6019549.0
1148,1241333.0
1149,582177.0
1150,69759.0
1151,8012.0
1152,32066220.0
1153,19241521.0
1154,686662.0
1155,511248.0
1156,207248.0
1157,79200.0
1158,714112.0
1159,137908.0
1160,1158969.0
1161,368507.0
1162,221657.0
1163,74318.0
1164,52470.0
1165,38987.0
1166,1940284.0
1167,1632764.0
1168,119869.0
1169,54205.0
1170,843917.0
1171,314515.0
1172,651877.0
1173,288831.0
1174,429171.0
1175,199271.0
1176,2512839.0
1177,2389160.0
1178,1429100.0
1179,734198.0
1180,2753614.0
1181,909033.0
1182,999089.0
1183,370262.0
1184,726978.0
1185,445329.0
1186,1011873.0
1187,397613.0
1188,42193.0
1189,1000.0
1190,700427.0
1191,433486.0
1192,2674577.0
1193,1228863.0
1194,1884740.0
1195,1300009.0
1196,34256747.0
1197,21481624.0
1198,1785172.0
1199,1576206.0
1200,59615630.0
1201,29930854.0
1202,64747.0
1203,19741.0
1204,310415.0
1205,99580.0
1206,836772.0
1207,459572.0
1208,1800758.0
1209,489299.0
1210,743314.0
1211,335675.0
1212,44683.0
1213,3430.0
1214,180866.0
1215,201554.0
1216,1014135.0
1217,331476.0
1218,1692686.0
1219,774997.0
1220,2479921.0
1221,940981.0
1222,104020.0
1223,43027.0
1224,1890528.0
1225,758471.0
1226,935343.0
1227,444701.0
1228,434820.0
1229,448557.0
1230,890968.0
1231,307562.0
1232,4951616.0
1233,2778031.0
1234,2282535.0
1235,1370780.0
1236,409942.0
1237,147325.0
1238,2189006.0
1239,519246.0
1240,683062.0
1241,848354.0
1242,66054.0
1243,66015.0
1244,1310649.0
1245,1574882.0
1246,1799953.0
1247,618481.0
1248,900876.0
1249,337595.0
1250,699559.0
1251,481268.0
1252,641753.0
1253,232819.0
1254,63576640.0
1255,81691246.0
1256,321508.0
1257,140290.0
1258,977141.0
1259,680875.0
1260,3567504.0
1261,2330895.0
1262,4832051.0
1263,2567674.0
1264,138962.0
1265,30035.0
1266,1875815.0
1267,1065856.0
1268,433706.0
1269,188499.0
1270,665785.0
1271,208613.0
1272,5478822.0
1273,5590300.0
1274,1613496.0
1275,870484.0
1276,4150770.0
1277,1752475.0
1278,1361165.0
1279,565408.0
1280,2721543.0
1281,1002008.0
1282,333644.0
1283,387420.0
1284,26196167.0
1285,22752269.0
1286,963036.0
1287,317842.0
1288,15674224.0
1289,13553076.0
1290,6173700.0
1291,5668074.0
1292,4416433.0
1293,2035873.0
1294,3474526.0
1295,1336641.0
1296,154312.0
1297,96658.0
1298,147556.0
1299,48229.0
1300,369876.0
1301,104571.0
1302,207664.0
1303,97081.0
1304,717683.0
1305,131883.0
1306,1073730.0
1307,544223.0
1308,203774.0
1309,66075.0
1310,74703683.0
1311,17338770.0
1312,53350.0
1313,16337.0
1314,449045.0
1315,140237.0
1316,571493.0
1317,81065.0
1318,69189.0
1319,33184.0
1320,2226889.0
1321,781046.0
1322,375659.0
1323,205043.0
1324,162393.0
1325,113310.0
1326,188610.0
1327,15032.0
1328,18036.0
1329,8010.0
1330,166275.0
1331,52230.0
1332,2825490.0
1333,3116084.0
1334,1692923.0
1335,664790.0
1336,292257.0
1337,124257.0
1338,7669656.0
1339,5946258.0
1340,258123.0
1341,215585.0
1342,179615.0
1343,145191.0
1344,170159.0
1345,39493.0
1346,733383.0
1347,254927.0
1348,172951.0
1349,60245.0
1350,168649.0
1351,154556.0
1352,1784354.0
1353,1217354.0
1354,751732.0
1355,251979.0
1356,1499781.0
1357,803364.0
1358,403724.0
1359,148734.0
1360,4670438.0
1361,3041661.0
1362,117890.0
1363,39044.0
1364,12290872.0
1365,11599001.0
1366,56213.0
1367,12046.0
1368,2066107.0
1369,1347964.0
1370,116511.0
1371,30070.0
1372,497780.0
1373,238518.0
1374,174616.0
1375,203204.0
1376,161499.0
1377,87054.0
1378,41447.0
1379,16416.0
1380,344545.0
1381,134293.0
1382,633150.0
1383,300190.0
1384,420264.0
1385,149028.0
1386,1233024.0
1387,735460.0
1388,128553.0
1389,29006.0
1390,210443.0
1391,99011.0
1392,172402.0
1393,205715.0
1394,142101.0
1395,57172.0
1396,136937.0
1397,110399.0
1398,8398896.0
1399,3190469.0
1400,3026013.0
1401,1342183.0
1402,3493950.0
1403,841451.0
1404,1451488.0
1405,877299.0
1406,947389.0
1407,285490.0
1408,9779397.0
1409,5469374.0
1410,1603356.0
1411,504842.0
1412,82475.0
1413,36269.0
1414,758648.0
1415,371734.0
1416,354824.0
1417,227041.0
1418,5937558.0
1419,5301314.0
1420,155162.0
1421,358022.0
1422,7324.0
1423,5023.0
1424,118459.0
1425,136971.0
1426,647600.0
1427,549283.0
1428,1876793.0
1429,1037186.0
1430,8094400.0
1431,3700287.0
1432,2526312.0
1433,2192748.0
1434,622108.0
1435,360832.0
1436,1643939.0
1437,1258835.0
1438,3056727.0
1439,1977413.0
1440,1117584.0
1441,380118.0
1442,6456824.0
1443,21281499.0
1444,130466.0
1445,78293.0
1446,18030.0
1447,24124.0
1448,98722.0
1449,35206.0
1450,77245.0
1451,31685.0
1452,362373.0
1453,101135.0
1454,136609.0
1455,44700.0
1456,303125.0
1457,201313.0
1458,570347.0
1459,401334.0
1460,1148405.0
1461,2282694.0
1462,2284648.0
1463,1299889.0
1464,5725601.0
1465,963067.0
1466,1850114.0
1467,395082.0
1468,719325.0
1469,933050.0
1470,102181.0
1471,50615.0
1472,1865942.0
1473,804921.0
1474,125626.0
1475,48254.0
1476,192849.0
1477,6250.0
1478,138058.0
1479,30221.0
1480,179811.0
1481,213034.0
1482,3282969.0
1483,7126411.0
1484,679486.0
1485,314066.0
1486,2008467.0
1487,1399737.0
1488,547123.0
1489,259801.0
1490,1173932.0
1491,751447.0
1492,908445.0
1493,727903.0
1494,887818.0
1495,367894.0
1496,1970775.0
1497,1356489.0
1498,2747649.0
1499,1761012.0
1500,125471.0
1501,32110.0
1502,1498726.0
1503,969088.0
1504,235746.0
1505,85059.0
1506,792246.0
1507,318122.0
1508,48418.0
1509,6000.0
1510,7501.0
1511,1102.0
1512,645157.0
1513,236654.0
1514,1222812.0
1515,468614.0
1516,442828.0
1517,190646.0
1518,9130582.0
1519,8255962.0
1520,10008729.0
1521,9065189.0
1522,16470323.0
1523,7311371.0
1524,61002.0
1525,68001.0
1526,694361.0
1527,869350.0
1528,20517637.0
1529,13711471.0
1530,651945.0
1531,304065.0
1532,1361625.0
1533,576472.0
1534,15333153.0
1535,5017288.0
1536,137465.0
1537,100353.0
1538,5561560.0
1539,3435213.0
1540,1249385.0
1541,674428.0
1542,1737107.0
1543,605299.0
1544,62953.0
1545,34389.0
1546,716947.0
1547,448392.0
1548,342897.0
1549,184637.0
1550,3416075.0
1551,2237972.0
1552,2135678.0
1553,1200107.0
1554,1404801.0
1555,555817.0
1556,913196.0
1557,515426.0
1558,1865321.0
1559,705478.0
1560,214779.0
1561,230350.0
1562,355659.0
1563,225314.0
1564,923230.0
1565,454011.0
1566,618105.0
1567,470945.0
1568,2932818.0
1569,625011.0
1570,2219566.0
1571,1259714.0
1572,1967122.0
1573,1111150.0
1574,41350.0
1575,17217.0
1576,100893.0
1577,10449.0
1578,1178046.0
1579,374330.0
1580,14698688.0
1581,7826895.0
1582,1177442.0
1583,268802.0
1584,686380.0
1585,332183.0
1586,1424580.0
1587,587718.0
1588,35698.0
1589,7029.0
1590,4567173.0
1591,2150647.0
1592,545282.0
1593,127608.0
1594,597354.0
1595,197804.0
1596,1440385.0
1597,736833.0
1598,4840685.0
1599,2372973.0
1600,2063451.0
1601,1077357.0
1602,21366487.0
1603,25254658.0
1604,925676.0
1605,356269.0
1606,414408.0
1607,134867.0
1608,9002.0
1609,4000.0
1610,418226.0
1611,19227.0
1612,136622.0
1613,67486.0
1614,1269831.0
1615,647414.0
1616,3656562.0
1617,2097591.0
1618,241955.0
1619,71325.0
1620,3292048.0
1621,1913371.0
1622,1390696.0
1623,606388.0
1624,2336678.0
1625,711270.0
1626,136182.0
1627,77150.0
1628,1967254.0
1629,415417.0
1630,100322.0
1631,104107.0
1632,2771726.0
1633,1617039.0
1634,402044.0
1635,175009.0
1636,3544130.0
1637,4266395.0
1638,1606051.0
1639,486989.0
1640,756141.0
1641,630824.0
1642,395726.0
1643,188946.0
1644,1116943.0
1645,825953.0
1646,870786.0
1647,289239.0
1648,3881240.0
1649,3110652.0
1650,502130.0
1651,272189.0
1652,55920.0
1653,51146.0
1654,3005946.0
1655,1306131.0
1656,98018.0
1657,71001.0
1658,3424465.0
1659,2327932.0
1660,976766.0
1661,272830.0
1662,5545629.0
1663,1881226.0
1664,3891453.0
1665,2888124.0
1666,1029839.0
1667,980576.0
1668,12749962.0
1669,5294993.0
1670,2108618.0
1671,1751230.0
1672,111561.0
1673,2117.0
1674,2326327.0
1675,2250162.0
1676,1458121.0
1677,971531.0
1678,272575.0
1679,108164.0
1680,82656.0
1681,70220.0
1682,17531110.0
1683,18536746.0
1684,1295261.0
1685,962104.0
1686,757449.0
1687,309872.0
1688,1078310.0
1689,327195.0
1690,2418196.0
1691,1133718.0
1692,1034590.0
1693,297612.0
1694,398026.0
1695,19052.0
1696,221237.0
1697,85075.0
1698,1522872.0
1699,430032.0
1700,355014.0
1701,107706.0
1702,112528107.0
1703,70176304.0
1704,65063.0
1705,25024.0
1706,417319.0
1707,81290.0
1708,141078.0
1709,20380.0
1710,274283.0
1711,100971.0
1712,482272.0
1713,308662.0
1714,287386.0
1715,62132.0
1716,512268.0
1717,427719.0
1718,681037.0
1719,551292.0
1720,747324.0
1721,978041.0
1722,96332.0
1723,74117.0
1724,559035.0
1725,555777.0
1726,48888.0
1727,21015.0
1728,45385.0
1729,74002.0
1730,18058.0
1731,7114.0
1732,946509.0
1733,235671.0
1734,815618.0
1735,383596.0
1736,54236.0
1737,22231.0
1738,974119.0
1739,652950.0
1740,2862290.0
1741,1508929.0
1742,1158396.0
1743,383382.0
1744,23000.0
1745,6104.0
1746,4082972.0
1747,4697116.0
1748,72266.0
1749,20000.0
1750,1657643.0
1751,810882.0
1752,1003519.0
1753,777430.0
1754,1987204.0
1755,1170868.0
1756,333353.0
1757,145330.0
1758,7244484.0
1759,4562688.0
1760,242410.0
1761,101274.0
1762,1391988.0
1763,1023036.0
1764,3647498.0
1765,6777588.0
1766,347387.0
1767,215455.0
1768,1363444.0
1769,320605.0
1770,124296.0
1771,33487.0
1772,283628.0
1773,98315.0
1774,10919685.0
1775,7821692.0
1776,983296.0
1777,1627479.0
1778,25797589.0
1779,13672619.0
1780,45010.0
1781,6000.0
1782,204949.0
1783,27404.0
1784,3537919.0
1785,2152091.0
1786,398747.0
1787,98413.0
1788,2577655.0
1789,1469787.0
1790,386520.0
1791,164675.0
1792,134875.0
1793,33180.0
1794,9000.0
1795,9394.0
1796,186799.0
1797,39835.0
1798,323191.0
1799,169665.0
1800,3195779.0
1801,1864777.0
1802,1943385.0
1803,4601350.0
1804,451573.0
1805,37785.0
1806,3402385.0
1807,1660043.0
1808,434631.0
1809,124260.0
1810,162121.0
1811,35150.0
1812,309183.0
1813,152582.0
1814,1337939.0
1815,708023.0
1816,74162.0
1817,19686.0
1818,234806.0
1819,60685.0
1820,1236767.0
1821,3182002.0
1822,1946762.0
1823,752140.0
1824,1463663.0
1825,433628.0
1826,301679.0
1827,227031.0
1828,2610518.0
1829,3504007.0
1830,1208864.0
1831,464688.0
1832,17334.0
1833,2066.0
1834,273076.0
1835,57912.0
1836,59360.0
1837,24928.0
1838,43000.0
1839,7000.0
1840,2230890.0
1841,1663205.0
1842,46416.0
1843,106572.0
1844,15000.0
1845,21020.0
1846,1275453.0
1847,398656.0
1848,315897.0
1849,71957.0
1850,1621825.0
1851,921063.0
1852,4103.0
1853,0.0
1854,111928.0
1855,51493.0
1856,20510.0
1857,19480.0
1858,18012.0
1859,19002.0
1860,909510.0
1861,300056.0
1862,136258.0
1863,14426.0
1864,1788156.0
1865,847969.0
1866,128003.0
1867,20000.0
1868,47000.0
1869,57051.0
1870,139082.0
1871,72734.0
1872,401006.0
1873,1012859.0
1874,792187.0
1875,1320244.0
1876,998168.0
1877,776017.0
1878,226854.0
1879,1310396.0
1880,578708.0
1881,12155036.0
1882,4245564.0
1883,1272812.0
1884,1147873.0
1885,7828293.0
1886,2839458.0
1887,800497.0
1888,573745.0
1889,2837885.0
1890,1668833.0
1891,3458109.0
1892,1901813.0
1893,70872.0
1894,45018.0
1895,525279.0
1896,174838.0
1897,121647.0
1898,29031.0
1899,1042996.0
1900,336987.0
1901,1320233.0
1902,1089568.0
1903,1411444.0
1904,562957.0
1905,1378905.0
1906,731199.0
1907,2990219.0
1908,1402570.0
1909,709806.0
1910,344606.0
1911,643972.0
1912,494042.0
1913,2784772.0
1914,1381877.0
1915,21008.0
1916,23587.0
1917,1523647.0
1918,757292.0
1919,145813.0
1920,46018.0
1921,3238845.0
1922,1434040.0
1923,464960.0
1924,100982.0
1925,518041.0
1926,147850.0
1927,409016.0
1928,171756.0
1929,4509351.0
1930,2868359.0
1931,906045.0
1932,340055.0
1933,380677.0
1934,159987.0
1935,187550.0
1936,87538.0
1937,191836.0
1938,181779.0
1939,1994997.0
1940,996737.0
1941,1573433.0
1942,1016819.0
1943,91164.0
1944,17688.0
1945,193948.0
1946,28504.0
1947,1568639.0
1948,1674923.0
1949,159671.0
1950,21106.0
1951,309622.0
1952,42447.0
1953,29955.0
1954,17256.0
1955,455517.0
1956,189426.0
1957,130869.0
1958,530453.0
1959,99000.0
1960,70010.0
1961,1138392.0
1962,2093416.0
1963,87283.0
1964,80060.0
1965,340965.0
1966,149839.0
1967,339505.0
1968,126219.0
1969,118115.0
1970,84030.0
1971,705626.0
1972,786506.0
1973,14949.0
1974,20671.0
1975,135423.0
1976,141981.0
1977,1013.0
1978,23263.0
1979,10164.0
1980,0.0
1981,57631.0
1982,36000.0
1983,1233758.0
1984,391158.0
1985,68105.0
1986,18847.0
1987,2204847.0
1988,1063263.0
1989,494059.0
1990,308294.0
1991,67254.0
1992,50003.0
1993,75664035.0
1994,77088482.0
1995,2000.0
1996,23000.0
1997,12000.0
1998,0.0
1999,73000.0
2000,12010.0
2001,33503.0
2002,42006.0
2003,331578.0
2004,82101.0
2005,940878.0
2006,327318.0
2007,194000.0
2008,226155.0
2009,2713314.0
2010,1651187.0
2011,410156.0
2012,77129.0
2013,11078209.0
2014,13466792.0
2015,150189.0
2016,78642.0
2017,854654.0
2018,404501.0
2019,2651802.0
2020,1460280.0
2021,242501.0
2022,79184.0
2023,1077479.0
2024,687409.0
2025,457419.0
2026,226310.0
2027,61069.0
2028,36224.0
2029,1279339.0
2030,502141.0
2031,524448.0
2032,210348.0
2033,12456.0
2034,5967.0
2035,17799194.0
2036,7971878.0
2037,1154468.0
2038,678795.0
2039,159526.0
2040,177901.0
2041,362700.0
2042,77864.0
2043,10215.0
2044,3019.0
2045,220195.0
2046,44919.0
2047,124009.0
2048,120010.0
2049,8001.0
2050,2864.0
2051,141570.0
2052,40828.0
2053,9482.0
2054,6066.0
2055,1895821.0
2056,2044328.0
2057,1454754.0
2058,1599888.0
2059,724436.0
2060,613569.0
2061,48223.0
2062,62024.0
2063,1173988.0
2064,896294.0
2065,942910.0
2066,692203.0
2067,671692.0
2068,301053.0
2069,984177.0
2070,587640.0
2071,117079.0
2072,23816.0
2073,152517.0
2074,40133.0
2075,68835.0
2076,80810.0
2077,6963662.0
2078,3132737.0
2079,837322.0
2080,254090.0
2081,315182.0
2082,245587.0
2083,4720762.0
2084,3065894.0
