證券代號,證券名稱,成交股數,成交筆數,成交金額,開盤價,最高價,最低價,收盤價,本益比
1101,台泥,"17,382,646","7,835","527,986,653",30.30,30.70,30.05,30.50,25.63
1101B,台泥乙特,"22,407",14,"1,054,988",47.10,47.20,47.00,47.20,0.00
1102,亞泥,"7,853,046","3,285","310,064,957",39.20,39.85,39.20,39.45,13.42
1103,嘉泥,"503,734",738,"8,159,922",16.45,16.45,16.05,16.10,23.00
1104,環泥,"758,704",746,"20,581,947",27.45,27.45,27.00,27.10,11.89
1108,幸福,"398,240",166,"5,599,981",14.10,14.25,14.00,14.05,13.51
1109,信大,"203,585",347,"3,442,535",16.90,17.10,16.80,17.10,9.83
1110,東泥,"361,520",404,"6,934,787",19.65,19.80,18.80,19.30,39.39
1201,味全,"588,142",576,"10,240,268",17.50,17.55,17.30,17.40,21.22
1203,味王,"32,431",133,"1,203,129",37.70,37.85,36.50,36.65,18.14
1210,大成,"1,916,790","1,717","97,532,869",50.40,52.00,50.10,52.00,12.84
1213,大飲,"44,001",20,"656,864",15.25,15.25,14.70,14.90,0.00
1215,卜蜂,"376,309",701,"34,196,655",91.60,91.60,90.50,91.60,14.54
1216,統一,"22,027,034","5,215","1,707,506,599",78.10,78.50,77.00,78.00,23.21
1217,愛之味,"1,806,219",827,"20,616,033",11.50,11.55,11.35,11.40,17.01
1218,泰山,"1,919,776","1,189","35,585,825",18.90,18.90,18.25,18.70,11.07
1219,福壽,"857,592",558,"11,804,434",14.15,14.15,13.40,13.80,23.39
1220,台榮,"1,098,772",501,"17,514,066",16.00,16.25,15.65,16.10,11.26
1225,福懋油,"2,032,745","2,662","91,001,531",46.95,46.95,43.30,44.80,25.17
1227,佳格,"1,028,139",949,"34,813,167",34.10,34.40,33.35,34.25,20.15
1229,聯華,"3,272,786","4,464","156,191,615",48.60,48.60,47.20,47.80,20.52
1231,聯華食,"420,020",936,"58,081,018",142.00,143.00,136.00,138.00,30.94
1232,大統益,"111,032",284,"15,949,400",144.00,144.00,143.00,144.00,17.82
1233,天仁,"18,234",26,"542,099",29.45,29.90,29.45,29.75,33.43
1234,黑松,"198,875",241,"8,023,542",40.55,40.60,40.20,40.50,16.88
1235,興泰,"77,930",164,"5,166,451",66.90,71.40,64.00,71.40,15.39
1236,宏亞,"19,279",118,"436,926",22.80,22.80,22.55,22.55,0.00
1256,鮮活果汁-KY,"37,581",249,"4,784,663",129.50,129.50,125.50,126.00,16.05
1301,台塑,"40,181,875","16,684","1,282,440,969",31.70,32.60,31.25,32.35,0.00
1303,南亞,"19,774,855","9,201","565,712,543",28.35,29.10,28.10,28.70,71.75
1304,台聚,"5,146,717","2,418","51,785,563",10.05,10.30,9.90,10.15,0.00
1305,華夏,"1,699,690",784,"18,535,531",10.95,11.25,10.70,11.15,0.00
1307,三芳,"1,402,557",999,"52,466,416",38.00,38.00,36.85,37.75,12.54
1308,亞聚,"1,428,079","1,177","18,667,334",13.10,13.35,12.85,13.30,0.00
1309,台達化,"1,985,762","1,410","25,400,817",12.90,13.20,12.50,12.75,0.00
1310,台苯,"955,206",818,"8,614,716",8.93,9.25,8.85,9.18,0.00
1312,國喬,"7,341,137","1,941","74,448,962",10.00,10.50,9.96,10.25,0.00
1312A,國喬特,0,0,0,--,--,--,--,0.00
1313,聯成,"2,174,199","1,559","17,915,112",8.30,8.38,8.15,8.35,0.00
1314,中石化,"12,215,458","4,454","83,167,018",6.88,6.94,6.70,6.94,21.69
1315,達新,"28,027",165,"1,879,122",67.70,67.80,66.80,66.90,66.90
1316,上曜,"5,625,058","2,429","75,403,459",13.95,14.10,13.10,13.15,0.00
1319,東陽,"3,150,050","1,975","348,626,428",109.50,112.50,109.00,110.00,16.72
1321,大洋,"248,524",137,"8,123,437",32.70,32.90,32.60,32.80,45.56
1323,永裕,"28,163",36,"680,588",24.35,24.35,24.05,24.25,8.85
1324,地球,"116,883",438,"1,408,244",12.30,12.30,11.90,12.00,171.43
1325,恆大,"22,265,154","13,635","888,898,459",38.15,41.75,38.05,38.50,0.00
1326,台化,"20,684,709","8,871","521,876,830",25.45,25.85,24.75,25.55,94.63
1337,再生-KY,"283,558",494,"1,690,019",6.00,6.00,5.92,5.99,0.00
1338,廣華-KY,"157,401",155,"4,280,146",27.45,27.80,26.85,26.90,0.00
1339,昭輝,"60,316",70,"3,245,464",54.30,54.30,53.50,54.00,9.98
1340,勝悅-KY,"175,146",480,"1,465,523",8.51,8.51,8.30,8.35,0.00
1341,富林-KY,"18,280",23,"1,238,812",67.80,68.50,67.50,68.50,14.70
1342,八貫,"350,178",380,"35,748,200",105.50,105.50,100.50,102.00,15.77
1402,遠東新,"14,229,852","5,043","428,304,792",30.20,30.40,29.80,30.15,16.94
1409,新纖,"1,915,681","1,031","27,687,523",14.65,14.65,14.30,14.50,16.29
1410,南染,"88,242",74,"3,083,753",35.15,35.90,34.60,35.00,102.94
1413,宏洲,"510,889",156,"5,424,743",10.65,10.80,10.40,10.60,0.00
1414,東和,"1,027,124",691,"24,506,395",24.50,24.70,23.20,23.60,78.67
1416,廣豐,"690,336",370,"8,293,575",12.30,12.30,11.80,12.00,22.64
1417,嘉裕,"362,492",693,"3,096,915",8.84,8.84,8.40,8.51,0.00
1418,東華,"5,045",26,"139,794",28.10,28.10,27.50,27.60,52.08
1419,新紡,"122,065",132,"5,090,892",42.95,42.95,40.50,41.80,19.44
1423,利華,"83,066",86,"3,040,059",36.85,36.85,36.25,36.55,74.59
1432,大魯閣,"378,005",436,"7,448,482",20.00,20.00,19.05,20.00,0.00
1434,福懋,"2,317,243","1,737","40,433,239",17.55,17.75,17.25,17.70,24.25
1435,中福,"1,357",36,"45,171",33.50,33.50,33.50,33.50,0.00
1436,華友聯,"423,267",427,"47,906,452",116.50,116.50,112.00,114.00,4.68
1437,勤益控,"145,480",168,"4,825,698",33.40,33.40,32.70,33.40,10.03
1438,三地開發,"225,939",184,"12,150,901",54.00,54.50,53.00,53.80,0.00
1439,雋揚,"32,024",34,"995,353",31.65,31.65,30.60,30.95,18.42
1440,南紡,"1,483,119","1,133","19,412,589",13.20,13.25,12.95,13.20,8.74
1441,大東,"20,902",151,"275,534",13.25,13.25,13.10,13.20,10.08
1442,名軒,"3,246,567","3,158","236,914,644",72.00,74.70,70.00,74.70,7.57
1443,立益物流,"15,037",22,"459,927",30.60,30.65,30.40,30.60,19.12
1444,力麗,"1,266,441","1,000","10,240,263",8.08,8.18,8.01,8.14,0.00
1445,大宇,"57,304",60,"967,410",17.15,17.15,16.60,16.80,2.30
1446,宏和,"734,684",533,"27,532,434",37.60,37.75,37.10,37.75,3.76
1447,力鵬,"1,357,448",797,"9,144,174",6.77,6.80,6.66,6.78,0.00
1449,佳和,"3,908,757","1,754","74,926,376",19.90,19.90,18.75,19.20,26.30
1451,年興,"222,403",269,"4,216,439",19.30,19.30,18.80,18.80,62.67
1452,宏益,"97,108",120,"1,427,556",14.85,14.85,14.35,14.80,25.96
1453,大將,"218,320",714,"2,940,298",13.85,13.85,13.30,13.45,21.35
1454,台富,"30,895",30,"453,495",14.65,14.70,14.65,14.70,66.82
1455,集盛,"802,333",892,"7,277,218",9.36,9.36,8.96,9.14,43.52
1456,怡華,"39,001",24,"561,114",14.45,14.65,14.20,14.65,0.00
1457,宜進,"336,555",199,"6,525,959",19.60,19.80,19.25,19.60,6.11
1459,聯發,"107,840",194,"997,227",9.22,9.45,9.14,9.29,25.11
1460,宏遠,"456,131",255,"3,168,035",7.01,7.03,6.80,7.03,0.00
1463,強盛新,"206,182",113,"5,108,890",25.00,25.00,24.65,24.80,55.11
1464,得力,"2,166,205",999,"35,825,189",16.60,16.80,16.20,16.80,24.71
1465,偉全,"74,645",130,"1,053,264",14.20,14.30,14.00,14.20,74.74
1466,聚隆,"183,546",108,"2,191,555",12.10,12.15,11.85,11.90,0.00
1467,南緯,"191,268",131,"1,972,493",10.40,10.40,10.25,10.30,27.11
1468,昶和,"39,000",27,"496,200",12.95,12.95,12.60,12.80,22.86
1470,大統新創,"3,089",6,"66,353",21.50,21.50,21.45,21.50,27.92
1471,首利,"629,111",356,"7,748,662",12.80,12.80,12.15,12.20,64.21
1472,三洋實業,"26,534",96,"1,803,594",68.60,68.60,67.50,68.10,26.71
1473,台南,"761,069",611,"26,668,101",34.50,35.40,34.45,34.90,12.12
1474,弘裕,"230,897",167,"2,854,139",12.55,12.55,12.25,12.25,11.78
1475,業旺,"82,593",83,"4,672,887",57.10,57.20,55.80,57.00,9.61
1476,儒鴻,"569,533",700,"290,335,820",513.00,518.00,502.00,514.00,22.27
1477,聚陽,"1,339,473","1,487","449,151,002",336.00,338.00,331.50,335.00,20.34
1503,士電,"2,135,940","2,233","371,455,489",177.50,177.50,168.50,176.50,31.92
1504,東元,"4,793,801","3,207","251,241,766",52.90,52.90,51.60,52.50,19.52
1506,正道,"39,253",50,"459,502",11.95,11.95,11.65,11.80,90.77
1512,瑞利,"74,819",52,"529,366",7.09,7.11,7.04,7.11,0.00
1513,中興電,"3,356,548","3,719","510,586,487",155.00,155.50,149.50,152.50,21.15
1514,亞力,"3,651,622","3,444","332,153,870",94.50,94.50,88.60,91.40,28.04
1515,力山,"515,653",525,"14,799,756",29.30,29.35,28.40,29.10,10.32
1516,川飛,"186,237",151,"2,941,752",16.85,16.85,15.45,15.75,68.48
1517,利奇,"375,438",878,"4,727,734",13.05,13.05,12.40,12.65,0.00
1519,華城,"4,008,299","7,451","1,949,011,764",500.00,504.00,478.00,484.00,36.23
1521,大億,"64,816",109,"1,654,681",26.00,26.00,25.15,25.80,151.76
1522,堤維西,"2,217,850","1,578","133,521,708",60.80,60.80,59.40,60.50,11.14
1522A,堤維西甲特,"8,000",8,"387,700",48.45,48.50,48.45,48.45,0.00
1524,耿鼎,"3,491,485","2,330","132,393,888",38.45,38.85,37.25,37.65,13.03
1525,江申,"39,780",72,"2,297,267",59.40,59.40,56.30,56.30,15.26
1526,日馳,"41,223",95,"934,979",22.80,22.85,22.55,22.55,0.00
1527,鑽全,"437,616",413,"17,915,433",41.05,41.50,40.50,41.00,12.89
1528,恩德,"2,673,265","1,118","35,881,428",13.65,13.80,13.15,13.50,0.00
1529,樂事綠能,"548,380",440,"12,364,707",23.05,23.20,22.10,22.55,52.44
1530,亞崴,"64,341",105,"1,925,008",30.00,30.05,29.75,29.80,21.29
1531,高林股,"598,780",562,"7,846,106",13.45,13.45,12.80,13.25,132.50
1532,勤美,"1,457,960",860,"42,925,515",29.90,30.10,29.20,29.40,7.00
1533,車王電,"118,879",141,"4,563,667",39.60,39.60,38.00,38.20,0.00
1535,中宇,"125,150",144,"7,182,661",58.80,58.90,56.60,57.80,13.44
1536,和大,"5,324,461","3,966","319,540,857",61.50,61.80,59.00,59.70,0.00
1537,廣隆,"408,019",481,"61,910,136",154.50,155.50,150.00,150.50,13.82
1538,正峰,"20,327",29,"575,022",28.95,28.95,27.10,28.40,0.00
1539,巨庭,"645,437",436,"14,257,701",22.20,23.20,21.25,21.25,19.32
1540,喬福,"1,403,033","1,019","43,917,993",32.00,32.20,30.40,31.60,17.17
1541,錩泰,"18,655",26,"456,013",25.10,25.10,24.20,24.25,17.08
1558,伸興,"179,215",216,"18,940,572",107.50,107.50,105.00,105.00,17.24
1560,中砂,"2,423,425","4,456","694,192,118",297.50,298.00,282.50,284.00,43.36
1563,巧新,"798,740",718,"45,824,843",58.00,58.30,56.90,56.90,17.84
1568,倉佑,"220,625",295,"5,797,889",26.50,26.60,25.80,26.50,27.32
1582,信錦,"945,344","1,376","84,959,682",91.80,91.80,88.10,90.60,13.36
1583,程泰,"36,200",37,"2,210,909",60.70,61.70,60.50,61.20,11.68
1587,吉茂,"577,470",696,"19,063,394",33.80,33.80,32.70,33.10,0.00
1589,永冠-KY,"356,885",606,"11,998,651",34.30,34.30,33.00,34.00,0.00
1590,亞德客-KY,"653,838","1,092","545,915,309",849.00,853.00,819.00,836.00,22.23
1597,直得,"4,059,087","2,937","414,097,759",102.50,105.00,100.00,102.00,147.83
1598,岱宇,"1,465,291","1,006","44,664,408",30.00,31.15,29.70,30.90,0.00
1603,華電,"515,354",402,"17,331,203",34.30,34.35,33.15,33.40,11.17
1604,聲寶,"269,784",444,"7,499,279",27.85,28.00,27.70,27.80,13.56
1605,華新,"17,494,260","6,277","383,157,100",22.00,22.35,21.65,21.95,23.60
1608,華榮,"1,377,136","1,026","33,040,586",24.55,24.55,23.70,24.00,11.48
1609,大亞,"5,628,840","3,996","222,380,698",40.40,40.40,38.90,39.90,17.97
1611,中電,"722,186",529,"10,380,903",14.70,14.70,14.25,14.35,27.60
1612,宏泰,"1,306,948",654,"40,030,095",31.05,31.15,30.25,30.80,12.42
1614,三洋電,"151,256",128,"5,742,467",38.65,38.65,37.85,38.30,54.71
1615,大山,"175,815",220,"9,541,308",55.50,55.50,53.60,54.30,14.03
1616,億泰,"750,177",421,"12,799,561",17.60,17.60,16.80,17.30,15.87
1617,榮星,"534,404",856,"8,358,362",16.25,16.30,15.50,15.50,0.00
1618,合機,"4,525,960","2,721","211,802,661",46.70,47.45,46.10,47.00,13.17
1626,艾美特-KY,"42,731",307,"562,726",13.20,13.40,13.05,13.10,0.00
1702,南僑,"966,886","1,025","45,833,968",47.85,48.00,47.00,47.95,10.27
1707,葡萄王,"143,262",308,"21,057,655",148.00,148.50,146.00,148.00,14.92
1708,東鹼,"1,259,854",916,"44,747,204",36.20,36.20,35.25,35.65,10.13
1709,和益,"672,820",515,"13,356,933",20.00,20.05,19.70,19.95,13.57
1710,東聯,"1,461,661","1,123","19,261,644",13.35,13.45,13.00,13.30,0.00
1711,永光,"2,705,080","1,405","54,078,048",20.25,20.25,19.80,20.10,57.43
1712,興農,"638,311",592,"27,967,168",44.10,44.35,43.50,43.90,18.07
1713,國化,"131,853",111,"5,946,860",45.05,46.35,44.10,45.30,13.64
1714,和桐,"1,639,130",900,"12,589,530",7.76,7.77,7.60,7.70,17.11
1717,長興,"1,891,326","1,104","51,058,433",27.10,27.30,26.85,27.30,18.32
1718,中纖,"3,109,244","1,399","22,198,870",7.13,7.22,7.06,7.22,0.00
1720,生達,"385,225",585,"23,282,945",61.20,61.20,60.00,60.90,12.85
1721,三晃,"2,046,170","1,114","30,156,327",15.15,15.15,14.45,14.85,0.00
1722,台肥,"5,056,345","2,592","249,312,355",50.10,50.40,48.80,49.20,27.95
1723,中碳,"522,511",786,"45,634,218",88.40,88.40,86.70,87.90,16.22
1725,元禎,"139,747",135,"4,505,153",33.30,33.80,31.00,31.20,17.73
1726,永記,"128,225",102,"9,565,464",75.20,75.30,73.40,75.30,14.68
1727,中華化,"879,153",550,"24,000,733",27.70,27.90,26.85,27.80,75.14
1730,花仙子,"40,295",201,"2,130,596",52.70,53.10,52.70,52.90,14.07
1731,美吾華,"230,440",149,"5,169,818",22.55,22.65,22.10,22.45,17.27
1732,毛寶,"7,989,751","5,241","257,118,587",31.40,33.00,31.20,32.00,168.42
1733,五鼎,"250,040",260,"7,445,706",30.05,30.05,29.55,29.75,28.33
1734,杏輝,"303,846",376,"9,238,756",30.65,30.70,30.05,30.55,16.60
1735,日勝化,"117,649",338,"2,139,515",18.55,18.55,17.85,18.35,19.11
1736,喬山,"780,166","1,907","138,665,413",179.00,182.00,174.50,176.50,41.73
1737,臺鹽,"327,701",398,"10,364,352",32.05,32.05,31.40,31.50,21.14
1752,南光,"279,114",286,"11,846,134",42.50,43.20,41.90,42.00,34.71
1760,寶齡富錦,"265,311",289,"21,460,573",83.50,83.50,80.00,80.30,56.55
1762,中化生,"233,650",333,"7,800,838",33.20,34.25,32.85,33.15,26.31
1773,勝一,"509,384",604,"73,778,210",148.00,148.50,143.00,146.00,20.83
1776,展宇,"369,741",484,"6,798,832",18.40,19.20,17.95,17.95,19.10
1783,和康生,"644,014","1,499","33,834,835",53.90,53.90,51.40,52.00,29.89
1786,科妍,"784,515","1,237","86,267,116",111.00,112.50,108.50,109.50,35.67
1789,神隆,"640,070",466,"14,112,098",22.45,22.55,21.75,22.25,44.50
1795,美時,"1,987,733","2,354","524,678,377",269.00,271.50,259.50,261.50,16.00
1802,台玻,"6,573,218","2,820","98,194,205",15.00,15.20,14.60,15.10,0.00
1805,寶徠,"261,322",169,"3,885,958",16.00,16.00,14.45,14.65,97.67
1806,冠軍,"1,642,582",975,"14,689,346",8.98,9.07,8.87,9.03,41.05
1808,潤隆,"1,473,805","1,202","52,378,305",36.15,36.25,35.30,35.60,4.17
1809,中釉,"603,082",567,"10,950,625",18.75,18.75,17.70,18.25,82.95
1810,和成,"1,265,505",661,"21,369,782",17.05,17.20,16.50,16.90,54.52
1817,凱撒衛,"175,538",260,"7,471,212",42.55,43.05,42.25,42.50,9.70
1903,士紙,"433,589",286,"21,646,731",50.60,51.10,49.05,51.10,0.00
1904,正隆,"1,872,787","1,269","35,087,230",18.65,19.00,18.50,18.95,22.03
1905,華紙,"1,405,346","1,176","21,599,266",15.70,15.70,15.20,15.60,195.00
1906,寶隆,"159,500",231,"2,141,365",13.50,13.50,13.30,13.45,0.00
1907,永豐餘,"1,487,999","1,231","42,423,912",28.80,29.00,28.20,29.00,30.53
1909,榮成,"1,476,216",715,"15,499,818",10.60,10.65,10.40,10.60,0.00
2002,中鋼,"48,332,042","19,430","870,962,615",18.25,18.25,17.85,18.10,69.62
2002A,中鋼特,"64,391",52,"2,575,973",40.05,40.05,39.90,40.05,0.00
2006,東和鋼鐵,"3,189,896","2,513","204,419,961",64.60,64.80,63.60,63.60,9.92
2007,燁興,"351,950",269,"2,857,800",8.38,8.38,8.01,8.14,0.00
2008,高興昌,"104,018",124,"3,055,387",29.60,29.60,28.65,29.45,86.62
2009,第一銅,"1,081,525",749,"37,335,432",35.15,35.15,34.05,35.00,52.24
2010,春源,"1,253,234",910,"21,490,320",17.35,17.40,17.00,17.25,11.06
2012,春雨,"121,026",130,"2,863,769",23.50,23.90,23.20,23.65,17.01
2013,中鋼構,"102,072",731,"4,826,102",48.10,48.45,46.70,47.85,16.39
2014,中鴻,"4,170,232","1,783","67,645,057",16.45,16.55,16.05,16.30,0.00
2015,豐興,"573,612",450,"36,987,566",65.30,65.30,64.20,64.30,15.13
2017,官田鋼,"682,044",636,"6,811,902",9.98,10.20,9.87,10.20,32.90
2020,美亞,"680,952",566,"18,138,757",27.30,27.30,26.40,26.55,5.98
2022,聚亨,"508,693",778,"4,027,896",8.05,8.05,7.81,8.00,133.33
2023,燁輝,"1,748,938",816,"25,720,900",14.85,14.85,14.55,14.80,0.00
2024,志聯,"1,115",62,"21,169",19.00,19.00,19.00,19.00,0.00
2025,千興,"590,489",375,"5,431,578",9.45,9.46,9.11,9.29,0.00
2027,大成鋼,"11,402,613","6,156","349,148,890",30.35,31.45,30.15,30.40,23.75
2028,威致,"127,377",119,"2,497,458",19.80,19.90,19.50,19.50,16.25
2029,盛餘,"374,254",236,"8,778,925",23.40,23.70,23.15,23.55,13.16
2030,彰源,"637,680",399,"9,809,149",15.60,15.60,15.20,15.60,25.16
2031,新光鋼,"508,013",487,"22,343,304",44.50,44.50,43.60,44.15,7.57
2032,新鋼,"205,351",138,"2,512,032",12.45,12.50,12.05,12.15,46.73
2033,佳大,"174,363",111,"4,050,625",23.25,23.50,23.00,23.20,110.48
2034,允強,"915,417",525,"16,724,791",18.45,18.45,18.15,18.45,0.00
2038,海光,"405,987",247,"5,792,599",14.70,14.70,13.95,14.45,289.00
2049,上銀,"9,065,516","12,574","2,563,980,471",283.00,292.00,272.50,285.00,51.08
2059,川湖,"1,136,844","2,692","1,608,464,035","1,460.00","1,460.00","1,395.00","1,400.00",29.33
2062,橋椿,"1,718,766","1,209","51,316,916",31.20,31.20,29.25,29.70,10.88
2069,運錩,"565,922",324,"9,107,470",16.55,16.55,15.60,15.85,15.10
2101,南港,"2,423,606","1,328","103,246,007",43.20,43.30,42.15,42.50,10.93
2102,泰豐,"399,668",438,"6,952,880",17.55,17.55,17.20,17.45,0.00
2103,台橡,"1,341,518",787,"25,745,913",19.35,19.40,19.00,19.25,13.65
2104,國際中橡,"2,000,076",982,"23,431,063",11.80,11.95,11.55,11.80,0.00
2105,正新,"6,623,723","3,709","329,620,977",49.00,50.20,49.00,49.85,19.10
2106,建大,"1,002,859","1,099","25,173,379",25.35,25.40,24.80,25.35,16.35
2107,厚生,"372,428",462,"9,400,804",25.40,25.40,25.15,25.20,13.92
2108,南帝,"429,337",555,"14,135,850",33.50,33.50,32.60,33.10,33.10
2109,華豐,"355,669",257,"6,270,798",17.95,17.95,17.50,17.80,11.41
2114,鑫永銓,"54,105",150,"4,763,570",88.00,89.10,87.50,89.10,16.44
2115,六暉-KY,"71,782",101,"2,104,393",29.50,29.50,29.10,29.45,15.83
2201,裕隆,"19,448,834","10,310","892,517,776",48.50,48.65,44.35,45.35,10.72
2204,中華,"4,082,594","4,279","330,794,188",81.10,81.90,79.10,81.30,9.89
2206,三陽工業,"831,438",777,"56,555,075",67.80,68.40,67.50,68.40,10.57
2207,和泰車,"447,477","1,093","266,219,433",596.00,600.00,590.00,600.00,16.35
2208,台船,"2,802,969","1,782","40,126,577",14.60,14.65,14.20,14.30,0.00
2211,長榮鋼,"2,684,897","2,208","222,897,906",84.60,85.60,82.20,83.00,13.88
2227,裕日車,"137,779",367,"9,234,611",69.50,69.50,66.10,67.70,15.08
2228,劍麟,"481,231",483,"43,915,476",93.00,93.00,90.50,90.60,10.52
2231,為升,"1,072,472","1,280","106,894,486",101.50,103.00,98.30,99.50,65.46
2233,宇隆,"3,491,110","3,419","805,923,082",233.00,238.00,224.50,230.00,20.87
2236,百達-KY,"427,449",459,"45,467,630",109.50,110.00,104.00,106.00,706.67
2239,英利-KY,"74,735",61,"2,379,171",32.10,32.40,31.60,31.60,31.92
2241,艾姆勒,"698,235",436,"18,903,354",28.00,28.00,26.80,27.00,0.00
2243,宏旭-KY,"2,872,470","1,614","50,841,515",18.30,18.30,17.15,17.15,0.00
2247,汎德永業,"56,437",205,"16,668,829",294.50,297.50,294.50,295.50,12.78
2250,IKKA-KY,"1,688,130","1,407","177,734,633",107.00,109.50,101.50,107.00,16.98
2254,巨鎧精密-創,"393,051",85,"31,208,390",78.20,80.10,77.50,80.00,0.00
2258,鴻華先進-創,"1,014,207",751,"43,368,840",44.05,44.50,42.00,42.70,0.00
2301,光寶科,"6,477,138","3,574","662,743,350",102.50,103.50,101.00,102.00,18.99
2302,麗正,"2,139,339","1,092","38,925,527",19.05,19.15,17.80,18.20,42.33
2303,聯電,"49,325,493","18,890","2,024,176,288",41.00,41.70,40.80,40.90,9.88
2305,全友,"668,257",368,"8,590,443",13.45,13.45,12.60,12.80,160.00
2308,台達電,"9,734,037","12,148","3,938,130,763",413.50,415.50,400.00,400.00,28.07
2312,金寶,"21,265,967","7,274","514,966,767",24.95,24.95,23.90,24.10,25.10
2313,華通,"14,866,881","10,899","990,116,553",68.00,68.30,65.10,66.90,14.58
2314,台揚,"3,262,268","2,321","110,140,810",35.50,35.50,33.35,33.40,0.00
2316,楠梓電,"755,436",678,"34,003,812",45.70,45.70,44.65,45.00,6.34
2317,鴻海,"157,188,534","192,669","27,407,637,685",180.00,180.50,171.50,171.50,14.90
2321,東訊,"10,605",12,"157,327",15.05,15.05,14.35,14.35,0.00
2323,中環,"6,196,121","2,226","57,903,242",9.55,9.57,9.06,9.31,8.78
2324,仁寶,"17,296,996","7,760","624,768,677",36.40,36.70,35.60,36.00,15.86
2327,國巨,"2,902,536","6,159","1,507,850,203",532.00,532.00,514.00,516.00,12.71
2328,廣宇,"5,972,598","3,503","223,511,364",38.45,38.65,36.85,37.50,18.66
2329,華泰,"3,128,733","2,061","96,959,601",31.60,31.65,30.50,31.05,14.11
2330,台積電,"62,629,547","118,516","68,093,421,797","1,110.00","1,115.00","1,070.00","1,075.00",26.88
2331,精英,"1,835,777","1,050","37,216,314",20.75,20.80,20.00,20.35,33.36
2332,友訊,"12,484,400","5,114","270,376,356",22.25,22.35,21.20,21.65,74.66
2337,旺宏,"10,646,753","4,278","189,376,216",18.20,18.30,17.60,17.75,0.00
2338,光罩,"1,709,520","1,186","76,393,856",46.40,46.40,44.00,44.25,25.73
2340,台亞,"2,363,263","1,514","60,410,177",26.50,26.50,25.30,25.30,0.00
2342,茂矽,"788,743",635,"22,927,732",30.05,30.05,28.70,28.90,0.00
2344,華邦電,"26,912,495","7,696","359,025,618",13.65,13.70,13.20,13.35,70.26
2345,智邦,"8,128,016","8,673","5,730,453,229",715.00,728.00,690.00,699.00,40.15
2347,聯強,"4,895,896","3,140","349,020,618",72.20,72.40,70.90,71.00,14.03
2348,海悅,"2,162,309","2,240","356,785,166",170.50,171.50,162.50,164.50,10.17
2348A,海悅甲特,"3,000",3,"109,600",36.80,36.80,36.40,36.40,0.00
2349,錸德,"5,149,063","2,093","66,004,502",13.30,13.30,12.65,12.75,0.00
2351,順德,"1,767,270","2,181","152,330,411",89.70,89.70,85.00,86.20,24.15
2352,佳世達,"3,801,507","2,676","122,886,301",33.05,33.10,32.05,32.20,26.18
2353,宏��,"13,309,249","7,230","484,903,893",37.00,37.05,36.10,36.30,21.23
2354,鴻準,"26,476,876","17,223","1,976,392,440",76.50,76.90,73.50,74.10,28.07
2355,敬鵬,"2,569,006","2,015","88,208,122",35.00,35.05,33.80,34.30,12.12
2356,英業達,"25,282,660","12,106","1,273,044,635",50.30,51.00,49.90,50.00,26.04
2357,華碩,"4,338,170","7,700","2,652,563,748",626.00,626.00,605.00,609.00,13.43
2359,所羅門,"10,954,635","8,385","1,571,098,496",146.50,149.50,140.00,144.50,0.00
2360,致茂,"6,021,311","6,089","2,273,690,504",395.50,398.00,364.00,366.50,33.84
2362,藍天,"2,350,360","1,650","113,942,533",49.85,49.85,47.80,48.05,18.77
2363,矽統,"8,057,991","5,788","492,883,591",63.00,63.20,60.10,60.80,73.25
2364,倫飛,"256,495",955,"20,126,961",80.40,80.40,77.40,78.00,20.97
2365,昆盈,"5,630,134","3,938","229,491,776",42.00,42.20,40.05,40.95,77.26
2367,燿華,"12,566,798","6,374","365,489,837",30.20,30.20,28.70,29.00,20.28
2368,金像電,"20,656,491","11,724","4,220,552,344",206.00,209.50,203.50,203.50,18.17
2369,菱生,"1,021,310",697,"16,538,594",16.60,16.60,16.00,16.20,0.00
2371,大同,"31,190,587","8,427","1,359,058,995",43.35,44.15,42.60,44.00,12.64
2373,震旦行,"60,794",119,"3,755,054",62.00,62.20,61.60,62.20,13.92
2374,佳能,"17,948,359","10,212","1,034,195,048",58.00,59.30,56.00,58.20,35.27
2375,凱美,"814,788",697,"49,604,165",62.80,62.80,60.30,60.60,21.12
2376,技嘉,"7,258,748","9,379","1,896,501,529",268.00,268.00,258.50,260.00,21.09
2377,微星,"6,370,459","13,847","1,170,582,635",183.00,187.00,180.50,183.50,21.92
2379,瑞昱,"2,798,190","4,343","1,438,395,733",521.00,525.00,507.00,515.00,18.77
2380,虹光,"127,703",225,"507,865",4.03,4.03,3.96,3.96,0.00
2382,廣達,"38,450,156","42,324","10,545,373,493",280.00,281.00,270.50,270.50,19.27
2383,台光電,"5,923,276","7,732","3,375,585,105",588.00,589.00,558.00,563.00,21.80
2385,群光,"2,631,776","2,795","407,975,274",157.50,158.50,153.50,153.50,12.85
2387,精元,"579,000",791,"35,514,176",62.50,62.50,60.60,61.30,9.43
2388,威盛,"8,928,517","7,327","777,350,783",90.70,90.70,85.40,85.70,64.44
2390,云辰,"1,653,236","1,218","20,180,173",12.30,12.70,11.75,11.75,0.00
2392,正崴,"5,042,775","3,295","329,901,478",67.30,67.30,64.50,65.20,17.57
2393,億光,"4,871,191","5,589","410,674,698",84.20,85.60,82.00,84.50,16.60
2395,研華,"1,257,232","1,576","449,682,756",359.50,361.50,352.50,357.50,35.68
2397,友通,"360,707",528,"25,637,455",73.30,73.30,69.90,70.90,26.86
2399,映泰,"2,765,289","1,720","66,672,954",24.80,25.00,23.85,24.10,0.00
2401,凌陽,"3,473,383","2,437","91,454,091",27.35,27.45,26.05,26.20,0.00
2402,毅嘉,"2,238,344","1,542","78,390,948",36.00,36.05,34.55,34.85,16.60
2404,漢唐,"2,222,883","2,793","1,094,639,372",493.00,500.00,482.50,489.00,17.73
2405,輔信,"3,810,829","1,824","72,767,597",19.80,19.80,18.80,18.90,472.50
2406,國碩,"2,345,622","1,721","31,121,853",13.80,13.80,13.10,13.15,0.00
2408,南亞科,"22,593,776","10,068","569,633,388",25.75,26.00,24.70,25.40,0.00
2409,友達,"42,005,467","9,893","564,110,266",13.80,13.85,13.30,13.40,0.00
2412,中華電,"8,494,653","3,847","1,042,969,975",122.50,123.00,122.50,123.00,26.17
2413,環科,"502,872",411,"11,468,842",23.60,23.60,22.60,22.75,0.00
2414,精技,"246,204",221,"8,834,366",36.15,36.15,35.60,35.85,14.40
2415,錩新,"319,584",247,"9,140,617",28.85,29.05,28.20,28.95,22.10
2417,圓剛,"1,958,855","2,197","86,952,340",46.35,46.35,43.55,44.35,0.00
2419,仲琦,"1,383,029",920,"38,240,448",28.65,28.65,27.25,27.55,0.00
2420,新巨,"650,083",605,"38,673,988",60.60,60.60,58.50,59.80,14.62
2421,建準,"2,530,984","2,227","237,048,291",95.00,95.10,92.30,95.00,20.08
2423,固緯,"117,213",129,"4,788,835",41.45,41.45,40.25,40.75,15.73
2424,隴華,"4,273",23,"256,047",59.90,60.00,59.90,60.00,0.00
2425,承啟,"1,422,837",987,"49,995,666",35.80,36.10,34.35,35.15,292.92
2426,鼎元,"2,353,133","1,495","48,608,959",21.50,21.50,20.25,20.90,61.47
2427,三商電,"1,125,300",903,"29,634,330",26.85,26.85,25.95,26.60,19.56
2428,興勤,"368,415",436,"56,184,815",157.00,157.00,151.00,152.50,12.91
2429,銘旺科,"2,052,255","1,413","62,086,283",32.55,32.55,29.50,30.30,0.00
2430,燦坤,"70,680",133,"2,089,200",29.60,29.65,29.45,29.60,18.73
2431,聯昌,"1,291,207",630,"18,165,063",14.25,14.40,13.80,14.30,0.00
2432,倚天酷��-創,"72,316",49,"2,367,876",33.80,33.80,31.95,32.00,15.31
2433,互盛電,"69,402",86,"3,457,359",49.85,49.85,49.75,49.85,15.39
2434,統懋,"4,451",10,"140,129",31.50,31.50,31.50,31.50,45.65
2436,偉詮電,"776,820",807,"39,766,063",52.30,52.30,50.40,51.60,42.64
2438,翔耀,"131,774",173,"3,771,117",29.95,29.95,28.10,28.85,0.00
2439,美律,"2,861,915","1,983","293,089,332",105.50,105.50,101.00,102.50,13.24
2440,太空梭,"183,994",122,"2,185,136",12.10,12.10,11.75,11.90,0.00
2441,超豐,"2,482,118","2,066","147,399,898",59.20,60.10,58.00,60.10,14.41
2442,新美齊,"1,633,332","1,014","38,121,395",24.10,24.10,22.80,23.40,12.51
2444,兆勁,"938,502",476,"15,380,723",16.35,16.75,16.20,16.20,0.00
2449,京元電子,"18,298,004","11,076","2,091,929,627",118.00,118.50,112.00,112.00,18.73
2450,神腦,"97,821",143,"3,123,332",32.00,32.20,31.75,31.95,17.65
2451,創見,"1,514,163","1,871","129,318,561",85.70,86.90,83.60,85.00,15.23
2453,凌群,"997,412",930,"55,341,215",56.40,57.00,54.50,55.40,18.65
2454,聯發科,"10,467,556","30,506","14,785,600,300","1,435.00","1,460.00","1,385.00","1,390.00",20.47
2455,全新,"8,694,830","7,594","1,370,713,703",165.50,165.50,152.50,155.00,39.44
2457,飛宏,"4,763,066","2,879","156,051,459",34.60,34.60,32.15,32.25,64.50
2458,義隆,"2,465,777","2,203","352,897,384",148.00,148.00,141.00,142.50,15.05
2459,敦吉,"88,539",139,"6,025,225",68.90,68.90,67.50,68.00,11.93
2460,建通,"658,753",354,"14,174,226",21.50,22.10,21.20,21.70,0.00
2461,光群雷,"275,466",272,"5,175,110",19.00,19.00,18.65,18.85,11.86
2462,良得電,"324,942",617,"7,971,744",25.25,25.25,24.25,24.60,20.00
2464,盟立,"5,279,141","4,270","382,904,520",74.50,74.50,71.20,72.60,74.08
2465,麗臺,"386,001",417,"26,244,412",70.40,71.20,67.30,67.60,0.00
2466,冠西電,"300,187",240,"23,223,513",79.90,80.00,75.00,80.00,0.00
2467,志聖,"1,436,588","2,222","263,479,451",189.50,189.50,180.50,181.50,43.01
2468,華經,"1,301,742",985,"32,261,757",25.10,25.55,24.20,25.00,27.17
2471,資通,"407,923",593,"21,172,205",53.10,53.50,51.30,51.40,19.25
2472,立隆電,"2,149,349","1,985","168,118,038",80.00,80.00,77.10,78.90,12.19
2474,可成,"4,112,682","2,433","810,707,625",198.00,199.00,196.00,197.00,15.33
2476,鉅祥,"1,769,025","1,429","143,571,438",83.40,83.40,80.00,80.90,18.02
2477,美隆電,"791,180",473,"19,741,846",25.55,25.55,24.60,25.20,16.47
2478,大毅,"237,443",257,"10,723,671",45.70,45.70,44.60,45.35,18.66
2480,敦陽科,"567,714",709,"78,368,551",137.00,140.50,135.00,140.50,19.04
2481,強茂,"1,405,536","1,229","66,468,305",48.50,48.50,46.80,47.10,20.93
2482,連宇,"348,703",375,"8,150,207",24.25,24.25,23.05,23.25,37.50
2483,百容,"127,768",130,"2,694,487",21.30,21.30,21.00,21.25,70.83
2484,希華,"336,609",307,"7,895,161",24.40,24.40,23.25,23.30,31.07
2485,兆赫,"1,254,900","1,246","17,186,584",14.20,14.20,13.50,13.85,0.00
2486,一詮,"12,874,719","7,137","1,303,376,232",106.00,106.00,98.70,101.00,360.71
2488,漢平,"2,156,401","1,596","119,615,105",54.80,56.60,54.50,54.90,11.78
2489,瑞軒,"7,120,667","2,732","128,066,830",18.00,18.45,17.55,18.20,11.74
2491,吉祥全,"79,459",102,"1,025,564",13.30,13.30,12.55,12.60,0.00
2492,華新科,"2,205,048","2,114","190,913,923",88.60,88.60,85.70,86.60,22.44
2493,揚博,"560,592",780,"52,416,807",95.70,95.70,92.60,93.30,15.87
2495,普安,"2,357,947","1,316","70,509,167",30.35,30.60,29.20,30.10,17.71
2496,卓越,"112,028",249,"9,388,327",83.00,85.30,81.90,84.90,12.75
2497,怡利電,"757,349",665,"42,955,920",57.60,57.80,56.00,56.80,23.28
2498,宏達電,"15,161,182","8,375","679,890,707",46.20,46.35,44.10,45.30,0.00
2501,國建,"3,343,380","1,678","75,472,062",23.05,23.40,22.20,22.70,11.24
2504,國產,"3,092,158","1,909","133,012,730",43.25,43.50,42.70,42.85,10.45
2505,國揚,"381,116",367,"7,891,708",21.25,21.35,20.40,20.55,29.36
2506,太設,"676,285",387,"7,179,876",10.85,10.85,10.40,10.75,4.56
2509,全坤建,"277,908",350,"4,202,046",15.35,15.45,14.90,15.45,193.12
2511,太子,"2,122,420","1,089","20,571,415",9.81,9.83,9.60,9.81,42.65
2514,龍邦,"811,533",364,"15,097,368",19.10,19.15,18.35,18.70,4.79
2515,中工,"7,011,222","2,695","68,367,320",9.85,9.88,9.62,9.82,21.35
2516,新建,"2,871,486","1,196","43,474,963",15.30,15.30,14.80,15.25,26.75
2520,冠德,"2,526,762","1,795","121,322,465",48.75,48.75,47.50,48.20,4.80
2524,京城,"685,611",572,"41,592,709",61.80,61.80,60.10,60.50,19.84
2527,宏璟,"585,081",484,"19,983,669",35.40,35.40,33.80,34.15,27.76
2528,皇普,"1,191,466",584,"46,703,473",40.60,40.60,38.40,40.15,0.00
2530,華建,"939,966",558,"34,376,239",36.50,37.05,36.15,36.80,17.20
2534,宏盛,"1,656,417","1,300","39,044,901",24.35,24.35,23.25,23.45,80.86
2535,達欣工,"240,799",459,"12,776,842",53.40,53.40,52.80,53.20,11.18
2536,宏普,"416,860",208,"12,683,629",30.90,30.90,30.00,30.65,18.03
2537,聯上發,"1,761,712",870,"20,154,048",11.60,11.60,11.25,11.50,19.83
2538,基泰,"1,064,994",426,"14,410,273",13.75,13.75,13.40,13.45,0.00
2539,櫻花建,"738,325",659,"37,780,177",51.90,52.00,50.50,51.20,42.31
2540,愛山林,"1,638,365","1,274","145,140,703",88.40,90.30,86.50,90.20,23.61
2542,興富發,"5,983,775","4,948","245,754,933",41.80,41.80,40.20,41.35,24.91
2543,皇昌,"8,808,319","5,871","605,875,881",72.80,73.10,66.50,67.20,14.27
2545,皇翔,"780,774",630,"46,912,189",61.10,61.10,59.10,60.40,6.02
2546,根基,"152,939",401,"10,407,926",69.00,69.00,67.50,67.80,10.48
2547,日勝生,"3,304,225","1,002","33,950,683",10.55,10.55,10.15,10.35,0.00
2548,華固,"935,733","1,073","98,799,321",107.00,107.00,104.50,106.00,10.76
2597,潤弘,"699,535",789,"103,750,158",149.50,151.00,145.00,151.00,16.00
2601,益航,"1,719,219",797,"11,660,807",6.88,6.89,6.69,6.86,0.00
2603,長榮,"27,455,735","24,015","5,674,741,062",211.00,213.00,205.00,205.00,3.94
2605,新興,"3,732,186","2,187","92,559,291",25.25,25.55,24.40,24.60,10.21
2606,裕民,"10,281,898","5,926","606,089,865",59.00,59.70,57.40,59.10,10.76
2607,榮運,"2,014,707",963,"59,820,726",30.20,30.25,29.40,29.70,13.26
2608,嘉里大榮,"253,921",319,"9,645,728",38.05,38.15,37.90,37.90,16.06
2609,陽明,"42,972,993","22,274","3,013,317,286",71.50,71.90,69.50,69.90,4.85
2610,華航,"28,568,899","8,543","718,340,829",25.70,25.70,24.90,25.15,14.79
2611,志信,"507,685",317,"10,387,325",20.80,20.80,20.25,20.50,6.97
2612,中航,"338,065",391,"13,493,932",40.40,40.85,39.20,39.70,16.75
2613,中櫃,"712,744",748,"22,423,972",32.30,32.30,31.00,31.90,26.36
2614,東森,"664,806",562,"10,600,348",16.15,16.15,15.80,16.00,0.00
2615,萬海,"15,321,271","13,797","1,198,249,227",80.30,81.20,77.40,77.90,7.11
2616,山隆,"183,320",376,"2,974,175",16.60,16.60,16.10,16.25,0.00
2617,台航,"433,593",419,"12,481,722",29.00,29.15,28.60,28.85,9.81
2618,長榮航,"32,027,235","15,903","1,477,543,666",46.50,47.05,45.60,45.95,9.30
2630,亞航,"7,264,837","4,781","264,583,027",35.10,37.60,35.00,36.20,52.46
2633,台灣高鐵,"8,373,660","4,078","219,531,306",26.55,26.70,26.00,26.30,18.65
2634,漢翔,"4,510,036","2,877","194,740,036",42.90,43.65,42.60,43.65,21.72
2636,台驊控股,"593,740",842,"44,544,535",77.00,77.00,74.10,74.90,9.20
2637,慧洋-KY,"6,754,704","4,940","441,560,646",65.50,66.20,64.00,65.30,7.87
2642,宅配通,"160,553",302,"5,419,685",34.65,34.65,33.50,33.75,70.31
2645,長榮航太,"979,771",867,"92,884,233",95.40,96.30,93.30,95.00,21.11
2646,星宇航空,"7,775,062","5,195","209,777,080",27.35,27.40,26.80,27.00,96.43
2701,萬企,"282,452",89,"3,451,059",12.30,12.30,12.10,12.20,20.33
2702,華園,"106,884",335,"1,665,901",15.90,15.90,15.50,15.50,0.00
2704,國賓,"192,260",227,"10,006,695",53.20,53.90,50.80,52.90,17.93
2705,六福,"324,952",332,"5,542,374",17.30,17.30,16.85,17.10,77.73
2706,第一店,"443,253",343,"6,299,172",14.30,14.35,14.05,14.30,21.34
2707,晶華,"314,011",642,"57,231,738",186.00,186.00,180.00,183.00,17.17
2712,遠雄來,"10,051",10,"243,599",24.80,24.80,24.00,24.25,0.00
2722,夏都,"206,318",255,"6,213,726",30.70,30.75,29.85,30.40,152.00
2723,美食-KY,"533,982",463,"49,033,923",91.10,92.70,90.80,92.50,41.11
2727,王品,"433,925",871,"93,928,888",216.00,218.00,215.00,215.50,13.77
2731,雄獅,"387,958",590,"46,366,101",120.50,120.50,119.00,119.50,7.37
2739,寒舍,"412,975",571,"19,309,112",48.30,48.30,46.30,46.30,7.17
2748,雲品,"385,522",463,"21,117,013",54.90,55.80,54.10,54.40,18.89
2753,八方雲集,"168,680",347,"24,546,319",148.00,148.00,144.00,145.00,16.96
2762,世界健身-KY,"200,956",339,"18,965,867",97.40,97.40,92.70,92.70,29.34
2801,彰銀,"18,910,469","4,405","336,996,990",17.80,17.85,17.70,17.70,14.16
2809,京城銀,"2,854,929","1,792","145,378,920",51.00,51.40,50.70,50.80,10.12
2812,台中銀,"5,939,873","3,195","110,388,211",18.70,18.85,18.40,18.55,12.37
2816,旺旺保,"225,242",191,"7,159,918",32.35,32.40,31.55,31.80,7.11
2820,華票,"1,151,485",501,"17,220,925",14.95,15.05,14.90,15.05,15.68
2832,台產,"641,223",339,"18,092,183",28.45,28.45,28.15,28.15,9.14
2834,臺企銀,"14,236,859","6,150","209,464,710",14.75,14.85,14.65,14.70,12.15
2836,高雄銀,"1,182,083",702,"13,439,084",11.45,11.45,11.35,11.35,23.65
2836A,高雄銀甲特,"9,031",8,"203,966",22.60,22.60,22.50,22.55,0.00
2838,聯邦銀,"1,801,952",911,"27,186,267",15.20,15.20,15.00,15.10,12.91
2838A,聯邦銀甲特,"41,046",23,"2,189,355",53.30,53.40,53.30,53.40,0.00
2845,遠東銀,"9,338,710","3,509","121,722,201",13.15,13.20,12.95,13.00,13.00
2849,安泰銀,"264,607",209,"3,647,421",13.90,14.00,13.60,13.80,18.65
2850,新產,"404,202",511,"40,820,707",100.50,102.00,100.00,102.00,9.91
2851,中再保,"1,820,419","1,130","46,183,248",25.65,25.70,25.20,25.45,7.67
2852,第一保,"424,143",283,"10,285,936",24.45,24.45,24.10,24.40,8.08
2855,統一證,"4,686,974","2,243","124,044,456",26.95,26.95,26.30,26.35,9.51
2867,三商壽,"16,510,733","3,062","99,140,078",6.05,6.07,5.96,6.04,0.00
2880,華南金,"17,531,871","6,656","471,068,540",26.80,27.00,26.65,26.80,16.34
2881,富邦金,"22,000,484","14,632","1,977,066,417",90.20,91.10,89.20,89.80,11.47
2881A,富邦特,"53,740",32,"3,379,664",62.90,62.90,62.80,62.90,0.00
2881B,富邦金乙特,"115,194",52,"6,964,082",60.30,60.60,60.30,60.60,0.00
2881C,富邦金丙特,"38,350",24,"2,032,682",53.00,53.10,53.00,53.00,0.00
2882,國泰金,"37,271,562","16,811","2,396,465,177",65.00,65.70,63.60,64.20,11.01
2882A,國泰特,"61,263",24,"3,730,915",60.90,60.90,60.90,60.90,0.00
2882B,國泰金乙特,"108,516",92,"6,510,592",60.00,60.10,59.90,60.00,0.00
2883,凱基金,"68,478,083","17,091","1,140,921,009",16.85,16.95,16.50,16.65,10.03
2883B,凱基金乙特,"2,767,999",537,"21,847,532",7.90,7.90,7.88,7.90,0.00
2884,玉山金,"24,709,382","9,361","669,133,120",27.40,27.50,26.90,27.05,16.20
2885,元大金,"22,367,344","9,569","762,223,044",34.30,34.60,33.80,34.05,14.61
2886,兆豐金,"21,316,855","8,581","819,471,499",38.45,38.70,38.10,38.45,16.02
2887,台新金,"38,104,550","10,639","660,048,825",17.35,17.45,17.20,17.25,12.68
2887E,台新戊特,"86,000",26,"4,407,300",51.20,51.40,51.10,51.40,0.00
2887F,台新戊特二,"24,504",25,"1,151,585",47.00,47.05,47.00,47.00,0.00
2887Z1,台新己特,"78,555",13,"1,257,447",16.00,16.05,16.00,16.05,0.00
2888,新光金,"65,180,521","9,093","769,129,761",11.85,11.90,11.75,11.80,16.16
2888A,新光金甲特,"41,628",38,"1,532,880",37.00,37.00,36.60,36.85,0.00
2888B,新光金乙特,"79,264",39,"2,906,213",36.75,36.80,36.50,36.75,0.00
2889,國票金,"8,174,994","2,818","117,184,957",14.55,14.60,14.25,14.25,24.15
2890,永豐金,"25,703,253","9,036","580,062,549",22.60,22.80,22.30,22.65,12.80
2891,中信金,"44,038,068","16,249","1,687,295,046",38.45,38.65,38.10,38.30,11.64
2891B,中信金乙特,"13,464",20,"842,663",62.60,62.70,62.60,62.70,0.00
2891C,中信金丙特,"7,625",25,"443,283",58.10,58.20,58.10,58.20,0.00
2892,第一金,"19,569,970","5,695","534,441,609",27.30,27.50,27.10,27.35,15.81
2897,王道銀行,"3,767,769","1,381","36,678,315",9.80,9.82,9.68,9.82,12.28
2897B,王道銀乙特,"157,406",55,"1,872,827",11.90,11.90,11.85,11.90,0.00
2901,欣欣,"35,242",124,"955,792",27.15,27.30,26.90,27.30,63.49
2903,遠百,"5,363,855","3,010","110,962,597",21.20,21.20,20.55,20.60,14.01
2904,匯僑,"27,569",32,"486,599",17.70,17.70,17.60,17.70,18.25
2905,三商,"1,740,372",795,"26,734,507",15.40,15.70,15.05,15.70,0.00
2906,高林,"307,188",468,"5,141,529",16.90,17.05,16.60,16.70,32.75
2908,特力,"300,613",138,"5,984,145",19.90,20.00,19.85,20.00,35.71
2910,統領,"10,080",10,"222,153",22.10,22.10,22.00,22.00,18.49
2911,麗嬰房,"104,356",314,"762,348",7.57,7.57,7.20,7.30,0.00
2912,統一超,"1,525,969","1,869","396,685,799",259.00,261.50,259.00,260.00,23.53
2913,農林,"2,042,143","1,412","37,136,554",18.55,18.55,17.95,18.10,0.00
2915,潤泰全,"3,558,390","1,995","238,521,265",67.50,67.90,66.60,67.20,9.09
2923,鼎固-KY,"414,908",725,"9,301,253",23.20,24.35,21.65,23.80,58.05
2929,淘帝-KY,"1,807,172",723,"22,534,179",12.75,12.75,12.05,12.65,0.00
2939,永邑-KY,"23,160",17,"703,580",30.95,30.95,30.00,30.60,0.00
2945,三商家購,"11,660",29,"447,234",38.40,38.50,38.25,38.30,19.44
3002,歐格,"36,111",46,"489,397",13.80,13.85,13.40,13.45,79.12
3003,健和興,"1,025,838",912,"75,388,168",75.30,75.30,72.50,73.90,20.99
3004,豐達科,"161,367",205,"15,043,384",92.30,94.50,92.20,93.80,14.02
3005,神基,"4,639,106","2,961","521,799,671",112.00,114.00,111.00,113.00,16.35
3006,晶豪科,"4,052,243","3,128","232,172,631",60.80,60.80,56.00,56.60,0.00
3008,大立光,"2,060,532","10,828","5,438,442,860","2,720.00","2,740.00","2,590.00","2,655.00",15.96
3010,華立,"1,412,203","1,384","156,944,726",114.00,114.00,109.50,111.00,13.39
3011,今皓,"1,579,410",697,"28,163,539",18.40,18.40,17.60,17.85,0.00
3013,晟銘電,"14,573,490","10,228","2,100,639,175",149.50,150.00,141.00,143.50,58.57
3014,聯陽,"1,474,342","1,497","201,561,152",140.00,140.00,135.00,135.50,13.78
3015,全漢,"4,283,734","3,637","276,975,052",64.10,65.90,62.20,65.90,31.23
3016,嘉晶,"780,461",689,"31,434,210",42.05,42.05,39.85,39.90,41.13
3017,奇鋐,"10,814,033","17,626","5,681,171,640",547.00,551.00,515.00,516.00,26.64
3018,隆銘綠能,"56,108",163,"1,533,359",28.40,28.40,27.15,27.35,0.00
3019,亞光,"32,879,179","22,872","5,069,026,147",155.00,161.00,145.00,158.50,29.14
3021,鴻名,"893,344",633,"21,288,823",25.20,25.20,23.20,24.20,15.32
3022,威強電,"804,095",642,"60,411,161",76.30,76.50,74.30,75.40,11.20
3023,信邦,"703,596","1,221","179,983,498",262.00,262.00,253.00,255.00,18.02
3024,憶聲,"2,987,571","1,340","51,353,166",17.40,17.45,17.00,17.15,65.96
3025,星通,"3,343,793","2,614","226,090,985",70.50,70.50,66.60,66.90,15.24
3026,禾伸堂,"546,320",509,"46,614,244",86.50,86.60,84.60,85.50,17.34
3027,盛達,"427,278",404,"11,813,526",28.50,28.55,27.20,27.80,0.00
3028,增你強,"271,920",280,"7,766,911",28.75,29.00,28.35,28.70,21.58
3029,零壹,"3,149,009","2,859","388,776,499",124.00,126.00,122.00,123.00,26.34
3030,德律,"1,642,839","1,916","196,271,243",121.50,121.50,117.50,120.50,17.93
3031,佰鴻,"2,057,743","1,351","46,652,501",23.45,23.45,22.30,22.55,16.22
3032,偉訓,"5,089,188","4,865","432,981,958",89.20,89.20,82.70,83.40,16.26
3033,威健,"2,151,468","1,398","71,726,855",34.20,34.20,33.10,33.30,13.93
3034,聯詠,"2,579,726","3,730","1,250,889,657",486.00,488.00,481.00,484.00,14.11
3035,智原,"6,551,683","8,799","1,384,820,928",221.00,221.00,206.50,207.50,48.03
3036,文曄,"2,360,255","1,741","261,408,377",111.50,113.00,109.50,110.50,18.14
3036A,文曄甲特,"184,061",77,"9,202,896",50.00,50.00,49.95,50.00,0.00
3037,欣興,"14,729,939","12,893","2,059,771,322",144.00,144.00,137.50,140.00,26.87
3038,全台,"358,653",313,"9,259,756",26.50,26.50,25.55,25.80,11.27
3040,遠見,"718,620",649,"35,877,307",51.30,51.40,49.00,49.40,66.76
3041,揚智,"5,244,655","5,042","184,988,090",37.00,37.25,34.20,34.20,0.00
3042,晶技,"1,571,315","1,385","157,638,999",103.00,103.00,99.40,99.60,17.29
3043,科風,"741,038","1,052","24,842,753",34.50,34.60,32.80,33.40,0.00
3044,健鼎,"2,357,110","2,040","460,373,395",201.00,201.00,193.50,194.00,12.79
3045,台灣大,"5,957,011","2,687","663,824,384",111.00,112.00,110.50,111.50,24.19
3046,建��,"363,819",397,"16,207,618",46.15,46.20,43.75,44.65,11.54
3047,訊舟,"3,327,570","2,079","92,521,452",28.05,28.20,27.25,28.05,140.25
3048,益登,"923,988",723,"25,937,515",28.55,28.55,27.70,28.20,0.00
3049,精金,"2,918,632","1,280","23,975,776",8.36,8.37,8.15,8.20,0.00
3050,鈺德,"2,178,052",933,"34,065,901",16.30,16.30,15.30,15.70,28.04
3051,力特,"1,101,343","1,085","36,246,348",33.60,33.95,32.35,32.75,17.70
3052,夆典,"607,205",301,"6,668,791",11.10,11.15,10.90,11.15,11.26
3054,立萬利,"59,012",40,"1,288,702",22.40,22.90,21.20,21.35,0.00
3055,蔚華科,"536,005",654,"36,537,171",70.10,70.10,67.10,67.20,0.00
3056,富華新,"2,397,580","1,286","74,281,395",31.35,31.50,30.65,31.15,0.00
3057,喬鼎,"299,750",350,"3,561,784",11.70,12.65,11.40,11.40,0.00
3058,立德,"389,558",509,"5,682,408",14.55,14.85,14.30,14.60,0.00
3059,華晶科,"5,989,415","3,687","211,421,868",35.75,36.00,34.50,35.95,31.26
3060,銘異,"875,990",779,"19,706,817",23.35,23.35,22.20,22.50,0.00
3062,建漢,"4,966,526","2,906","148,666,197",30.95,30.95,29.25,30.25,0.00
3090,日電貿,"1,379,732","1,201","88,676,011",65.20,65.20,63.60,64.00,16.16
3092,鴻碩,"230,474",218,"6,079,769",26.95,26.95,25.70,26.60,0.00
3094,聯傑,"281,845",222,"7,409,747",26.85,26.85,25.80,26.60,190.00
3130,一零四,"20,417",181,"4,457,096",218.50,218.50,217.50,218.50,15.49
3138,耀登,"295,262",543,"29,602,529",105.50,105.50,99.20,100.00,33.22
3149,正達,"3,572,888","2,662","110,423,101",32.10,32.20,30.25,30.35,0.00
3150,鈺寶-創,"39,000",31,"1,285,400",33.65,33.65,32.75,33.00,89.19
3164,景岳,"57,722",373,"1,122,854",20.20,20.20,19.20,19.25,31.56
3167,大量,"3,221,926","3,131","302,139,877",95.80,95.90,92.00,93.60,105.17
3168,眾福科,"28,900",22,"1,314,859",45.95,45.95,45.00,45.20,16.20
3189,景碩,"15,702,457","11,712","1,516,740,854",101.50,101.50,94.00,96.00,66.21
3209,全科,"1,241,333",911,"39,653,071",32.25,32.25,31.65,32.15,10.90
3229,晟鈦,"69,759",66,"1,160,665",17.15,17.60,16.50,16.50,0.00
3231,緯創,"32,066,220","18,738","3,287,617,062",102.50,104.00,100.00,103.00,19.22
3257,虹冠電,"686,662",679,"35,037,801",53.60,53.60,50.00,50.80,18.81
3266,昇陽,"207,248",127,"3,180,491",15.65,15.65,15.20,15.50,12.02
3296,勝德,"714,112",443,"19,795,947",27.95,28.30,27.30,27.60,0.00
3305,昇貿,"1,158,969",957,"69,467,508",62.30,62.50,58.80,59.50,21.56
3308,聯德,"221,657",728,"4,649,428",21.60,21.80,20.25,20.30,0.00
3311,閎暉,"52,470",194,"1,741,542",33.05,33.90,33.05,33.25,57.33
3312,弘憶股,"1,940,284","1,720","94,669,149",50.60,50.60,48.15,48.35,22.70
3321,同泰,"119,869",166,"1,829,432",15.55,15.55,15.15,15.20,0.00
3338,泰碩,"843,917",888,"49,091,944",60.50,60.50,57.50,57.80,20.28
3346,麗清,"651,877",510,"20,985,843",33.00,33.00,31.85,32.10,11.98
3356,奇偶,"429,171",848,"22,604,597",54.50,54.50,51.80,52.90,8.08
3376,新日興,"2,512,839","2,490","462,960,490",191.50,191.50,182.00,183.50,28.90
3380,明泰,"1,429,100","1,217","44,980,251",32.15,32.15,31.00,31.30,48.15
3406,玉晶光,"2,753,614","4,878","1,263,602,668",469.50,472.00,451.50,454.00,11.08
3413,京鼎,"999,089","2,958","298,197,870",308.00,308.00,295.00,296.00,13.28
3416,融程電,"726,978",737,"118,482,643",163.50,167.00,160.00,166.50,25.65
3419,譁裕,"1,011,873",541,"16,984,292",17.10,17.15,16.50,16.95,0.00
3432,台端,"42,193",30,"679,776",16.05,16.20,15.60,16.10,0.00
3437,榮創,"700,427",748,"14,224,404",21.15,21.15,20.10,20.25,0.00
3443,創意,"2,674,577","9,255","3,220,655,580","1,260.00","1,270.00","1,175.00","1,180.00",47.70
3447,展達,"1,884,740","1,326","97,563,325",54.10,54.20,50.20,50.70,0.00
3450,聯鈞,"34,256,747","27,863","10,035,574,982",312.00,312.00,283.50,285.00,158.33
3454,晶睿,"1,785,172","1,641","208,239,332",120.50,123.50,111.50,111.50,46.46
3481,群創,"59,615,630","11,791","808,976,575",13.80,13.80,13.40,13.60,0.00
3494,誠研,"64,747",109,"1,226,101",19.20,19.35,18.55,19.15,0.00
3501,維熹,"310,415",331,"18,253,007",59.30,59.30,58.30,58.80,11.71
3504,揚明光,"836,772",660,"48,560,833",59.40,59.40,57.10,57.70,0.00
3515,華擎,"1,800,758","2,011","404,637,722",242.00,242.00,220.50,220.50,22.64
3518,柏騰,"743,314",513,"16,900,810",23.55,23.55,22.00,22.60,0.00
3528,安馳,"44,683",90,"2,260,537",50.70,51.10,50.30,50.60,12.56
3530,晶相光,"180,866",220,"14,528,281",83.10,83.10,79.00,79.40,0.00
3532,台勝科,"1,014,135","2,306","86,051,140",87.00,87.20,83.70,84.40,21.21
3533,嘉澤,"1,692,686","4,228","2,879,256,065","1,790.00","1,790.00","1,660.00","1,710.00",25.22
3535,晶彩科,"2,479,921","1,917","110,143,893",45.65,46.05,43.05,44.70,139.69
3543,州巧,"104,020",88,"2,315,303",22.85,22.85,22.05,22.25,0.00
3545,敦泰,"1,890,528","1,743","136,002,498",73.10,73.30,70.50,72.60,33.77
3550,聯穎,"935,343",628,"15,174,205",16.55,16.55,16.00,16.40,0.00
3557,嘉威,"434,820",337,"28,638,909",67.10,67.10,65.00,66.00,9.81
3563,牧德,"890,968","1,277","300,099,702",350.00,350.00,328.50,330.50,148.87
3576,聯合再生,"4,951,616","2,513","44,835,410",9.30,9.44,8.99,9.05,0.00
3583,辛耘,"2,282,535","3,483","828,959,767",372.00,376.50,355.00,355.00,33.18
3588,通嘉,"409,942",360,"24,578,985",61.80,61.90,58.80,60.00,26.67
3591,艾笛森,"2,189,006","1,231","50,166,969",23.60,23.65,22.60,23.00,29.87
3592,瑞鼎,"683,062","1,089","253,763,078",372.00,378.50,362.50,378.50,13.71
3593,力銘,"66,054",49,"449,527",6.92,7.16,6.66,6.66,0.00
3596,智易,"1,310,649","1,594","224,656,924",174.50,175.00,169.00,172.00,15.00
3605,宏致,"1,799,953","1,237","82,293,262",47.95,47.95,44.90,45.45,59.80
3607,谷崧,"900,876",464,"15,128,920",17.50,17.50,16.60,16.85,0.00
3617,碩天,"699,559",954,"248,263,962",366.00,367.50,349.50,350.50,16.96
3622,洋華,"641,753",576,"36,074,348",57.60,58.10,55.50,55.70,11.07
3645,達邁,"63,576,640","35,503","4,119,516,240",64.80,67.00,62.80,63.50,64.14
3652,精聯,"321,508",192,"11,437,341",36.30,36.30,35.35,35.40,42.14
3653,健策,"977,141","1,903","1,324,582,135","1,385.00","1,390.00","1,335.00","1,350.00",68.60
3661,世芯-KY,"3,567,504","15,976","10,120,666,950","2,885.00","2,915.00","2,780.00","2,795.00",38.97
3665,貿聯-KY,"4,832,051","5,570","2,858,402,597",619.00,619.00,578.00,593.00,32.48
3669,圓展,"138,962",156,"5,516,627",41.00,41.00,39.00,39.80,17.93
3673,TPK-KY,"1,875,815","1,154","66,603,681",36.50,36.50,35.10,35.50,21.52
3679,新至陞,"433,706",696,"62,222,516",142.00,145.00,140.50,145.00,16.06
3686,達能,"665,785",457,"11,489,886",18.30,18.30,16.70,17.50,0.00
3694,海華,"5,478,822","3,419","288,059,386",55.00,55.00,51.00,51.70,20.68
3701,大眾控,"1,613,496","1,258","61,922,070",40.30,40.50,37.30,38.05,"1,268.33"
3702,大聯大,"4,150,770","3,133","288,238,580",69.70,70.50,67.90,67.90,13.97
3703,欣陸,"1,361,165",770,"39,373,196",28.95,29.35,28.60,29.10,13.60
3704,合勤控,"2,721,543","1,932","95,557,515",36.60,36.65,34.35,35.20,40.93
3705,永信,"333,644",307,"17,433,848",52.60,52.90,52.00,52.30,13.55
3706,神達,"26,196,167","14,798","1,792,835,896",70.00,70.40,67.30,67.90,25.24
3708,上緯投控,"963,036","1,081","78,680,194",85.00,85.00,80.40,81.40,45.47
3711,日月光投控,"15,674,224","12,067","2,559,933,138",166.00,167.50,161.50,162.50,21.70
3712,永崴投控,"6,173,700","4,327","381,896,730",62.00,63.50,60.60,61.50,13.73
3714,富采,"4,416,433","3,231","192,550,319",44.70,44.70,42.95,44.00,0.00
3715,定穎投控,"3,474,526","2,680","194,240,865",57.60,57.70,55.00,55.80,13.68
3716,中化控股,"154,312",214,"5,681,953",37.50,37.65,36.60,36.70,0.00
4104,佳醫,"147,556",399,"12,469,435",85.00,85.00,84.10,84.90,18.06
4106,雃博,"369,876",352,"9,080,772",24.90,25.20,24.15,24.30,25.58
4108,懷特,"207,664",265,"3,370,813",16.30,16.45,16.10,16.30,0.00
4119,旭富,"717,683",923,"59,988,804",85.30,85.30,82.50,83.90,20.72
4133,亞諾法,"1,073,730",895,"33,845,989",31.35,32.50,30.70,30.70,31.65
4137,麗豐-KY,"203,774",314,"21,750,937",109.00,109.00,105.50,106.50,12.30
4142,國光生,"74,703,683","31,479","1,908,910,096",25.30,27.00,24.40,25.55,0.00
4148,全宇生技-KY,"53,350",81,"2,624,090",50.20,50.20,48.50,48.50,31.09
4155,訊映,"449,045",731,"8,771,401",19.90,19.95,19.25,19.35,120.94
4164,承業醫,"571,493",605,"24,070,628",43.70,44.65,41.00,42.60,21.96
4190,佐登-KY,"69,189",597,"2,949,662",42.85,42.85,42.30,42.30,0.00
4306,炎洲,"2,226,889",957,"36,189,476",16.50,16.50,16.05,16.35,10.16
4414,如興,"375,659",94,"1,177,088",3.19,3.25,3.10,3.10,0.00
4426,利勤,"162,393",97,"1,650,002",10.15,10.25,10.00,10.10,0.00
4438,廣越,"188,610",157,"18,173,307",97.20,97.40,95.00,96.40,27.46
4439,冠星-KY,"18,036",19,"1,802,581",100.50,100.50,99.70,99.70,25.43
4440,宜新實業,"166,275",101,"3,839,333",23.65,23.65,22.80,22.90,13.55
4526,東台,"2,825,490","1,794","80,192,982",29.60,29.60,27.60,28.45,0.00
4532,瑞智,"1,692,923","1,277","40,332,026",24.50,24.50,23.60,23.95,13.46
4536,拓凱,"292,257",331,"59,885,771",207.00,207.50,202.00,205.00,13.90
4540,全球傳動,"7,669,656","4,789","388,415,614",51.50,52.30,49.00,51.00,0.00
4545,銘鈺,"258,123",239,"10,911,462",43.70,43.70,41.85,42.05,20.22
4551,智伸科,"179,615",233,"18,150,599",103.00,103.50,99.70,101.50,19.71
4552,力達-KY,"170,159",167,"3,854,001",22.95,22.95,22.40,22.65,10.58
4555,氣立,"733,383",581,"28,328,428",39.65,39.95,37.75,38.75,0.00
4557,永新-KY,"172,951",216,"21,214,022",126.00,126.00,121.00,122.00,12.92
4560,強信-KY,"168,649",111,"5,851,376",35.05,35.05,34.30,34.55,21.59
4562,穎漢,"1,784,354","1,497","106,821,392",62.80,62.90,58.80,59.40,0.00
4564,元翎,"751,732",822,"15,092,469",20.65,20.75,19.70,20.15,0.00
4566,時碩工業,"1,499,781","1,325","109,161,124",74.00,74.50,71.60,72.10,29.92
4569,六方科-KY,"403,724",552,"71,650,619",188.50,188.50,172.00,172.00,28.48
4571,鈞興-KY,"4,670,438","4,353","1,017,846,091",209.00,227.50,206.00,216.00,26.97
4572,駐龍,"117,890",254,"17,462,169",150.00,150.00,147.00,148.00,22.16
4576,大銀微系統,"12,290,872","9,273","1,752,778,554",138.00,146.50,133.50,144.50,602.08
4581,光隆精密-KY,"56,213",60,"2,811,841",50.60,50.60,49.50,49.85,10.13
4583,台灣精銳,"2,066,107","3,119","1,615,832,537",787.00,803.00,770.00,771.00,60.09
4588,玖鼎電力,"116,511",127,"9,352,611",82.30,82.30,79.10,80.00,22.73
4720,德淵,"497,780",279,"9,345,050",19.30,19.30,18.60,18.65,15.81
4722,國精化,"174,616",143,"8,152,716",46.80,47.30,46.30,47.25,20.72
4736,泰博,"161,499",332,"22,745,770",143.00,143.00,140.00,140.00,15.01
4737,華廣,"41,447",73,"2,476,906",60.10,60.50,59.00,59.70,0.00
4739,康普,"344,545",385,"17,980,754",52.70,53.10,51.80,52.00,51.49
4746,台耀,"633,150",584,"45,037,363",72.00,72.60,70.40,71.30,21.80
4755,三福化,"420,264",532,"49,500,125",120.00,121.50,115.00,119.00,26.80
4763,材料-KY,"1,233,024","4,816","1,040,158,863",852.00,862.00,834.00,839.00,10.92
4764,雙鍵,"128,553",204,"6,059,445",46.90,48.30,46.70,46.75,0.00
4766,南寶,"210,443","3,232","66,448,264",320.00,322.00,312.00,316.00,14.35
4770,上品,"172,402",434,"49,806,165",294.00,294.00,287.00,287.50,13.54
4771,望隼,"142,101",235,"22,959,199",163.00,165.50,160.00,160.50,13.57
4807,日成-KY,"136,937",127,"2,267,373",17.00,17.00,16.35,16.35,0.00
4904,遠傳,"8,398,896","3,428","735,097,640",86.60,88.20,86.50,87.60,26.31
4906,正文,"3,026,013","1,810","93,256,926",31.85,31.85,30.50,30.80,37.56
4912,聯德控股-KY,"3,493,950","2,238","498,673,061",153.00,153.00,140.00,141.50,20.39
4915,致伸,"1,451,488","1,006","112,158,461",77.50,78.00,76.90,76.90,13.91
4916,事欣科,"947,389",730,"28,324,520",30.05,30.60,29.40,29.65,0.00
4919,新唐,"9,779,397","9,473","887,515,909",95.50,96.30,88.20,88.50,37.50
4927,泰鼎-KY,"1,603,356",914,"48,085,538",30.50,30.65,29.05,30.15,0.00
4930,燦星網,"82,475",113,"2,464,084",30.00,30.20,29.75,29.90,11.77
4934,太極,"758,648",427,"9,198,429",12.55,12.55,12.00,12.00,0.00
4935,茂林-KY,"354,824",313,"19,901,747",57.50,58.00,54.50,55.50,16.72
4938,和碩,"5,937,558","3,699","544,651,891",92.00,92.70,90.60,91.90,13.49
4942,嘉彰,"155,162",129,"6,311,875",40.90,40.95,40.50,40.75,11.26
4943,康控-KY,"7,324",24,"106,458",15.00,15.00,14.30,14.30,0.00
4949,有成精密,"118,459",95,"2,384,709",21.20,21.20,19.50,19.55,0.00
4952,凌通,"647,600",526,"32,984,358",52.10,52.20,50.10,51.20,21.69
4956,光鋐,"1,876,793","1,198","56,916,163",31.40,31.40,29.85,30.00,0.00
4958,臻鼎-KY,"8,094,400","5,093","921,294,091",117.00,117.00,112.50,113.00,12.96
4960,誠美材,"2,526,312","1,131","33,146,242",13.05,13.35,12.85,13.20,0.00
4961,天鈺,"622,108","1,017","136,932,828",225.50,225.50,218.00,220.00,13.17
4967,十銓,"1,643,939","1,482","118,552,630",74.50,74.50,71.10,71.60,7.94
4968,立積,"3,056,727","3,012","529,907,130",178.50,179.00,170.50,172.50,297.41
4976,佳凌,"1,117,584",881,"37,666,886",35.05,35.05,32.80,33.80,0.00
4977,眾達-KY,"6,456,824","8,138","891,795,826",142.00,142.00,136.00,136.00,137.37
4989,榮科,"130,466",122,"2,188,565",17.00,17.00,16.65,16.85,0.00
4994,傳奇,"18,030",34,"1,812,896",102.00,102.50,99.50,100.50,26.45
4999,鑫禾,"98,722",417,"3,128,588",32.40,32.40,31.40,31.50,196.88
5007,三星,"77,245",149,"4,086,580",53.20,53.40,52.40,53.40,14.39
5203,訊連,"362,373",466,"33,595,561",91.80,95.00,89.80,94.50,31.19
5215,科嘉-KY,"136,609",119,"5,690,051",43.00,43.00,41.35,41.70,13.03
5222,全訊,"303,125",413,"35,878,599",121.00,121.50,117.00,118.00,21.93
5225,東科-KY,"570,347",765,"70,225,389",125.50,125.50,121.50,124.50,10.53
5234,達興材料,"1,148,405","1,091","220,444,012",191.50,198.00,186.00,191.50,39.40
5243,乙盛-KY,"2,284,648","1,505","136,033,939",61.10,61.10,58.70,59.20,20.63
5244,弘凱,"5,725,601","4,059","255,185,036",45.50,46.75,42.50,43.00,17.48
5258,虹堡,"1,850,114","1,704","147,807,186",83.00,85.90,76.10,78.90,11.76
5269,祥碩,"719,325","1,726","1,378,866,675","1,960.00","1,970.00","1,880.00","1,930.00",41.52
5283,禾聯碩,"102,181",141,"10,425,658",102.00,102.50,101.50,102.50,15.53
5284,jpp-KY,"1,865,942","1,539","306,426,296",170.50,170.50,159.50,166.50,0.00
5285,界霖,"125,626",122,"6,152,598",50.00,50.00,48.65,49.00,25.93
5288,豐祥-KY,"192,849",216,"37,672,218",201.00,201.00,193.00,195.50,12.84
5292,華懋,"138,058",226,"20,370,779",151.00,152.00,145.00,145.00,15.66
5306,桂盟,"179,811",246,"21,116,404",118.00,119.00,116.50,118.00,17.46
5388,中磊,"3,282,969","2,686","369,420,216",115.00,115.50,111.00,112.00,13.54
5434,崇越,"679,486","1,087","192,853,504",289.50,290.50,280.00,283.00,16.02
5469,瀚宇博,"2,008,467","1,835","102,632,765",52.60,52.70,50.20,50.90,9.92
5471,松翰,"547,123",627,"21,846,836",41.75,41.75,39.30,39.75,35.81
5484,慧友,"1,173,932","1,403","65,085,408",57.00,58.50,54.20,55.30,0.00
5515,建國,"908,445",755,"24,677,809",27.60,27.80,26.70,27.30,9.65
5519,隆大,"887,818",725,"27,423,171",31.65,31.65,30.30,30.80,7.28
5521,工信,"1,970,775",834,"19,167,692",9.95,9.95,9.56,9.86,140.86
5522,遠雄,"2,747,649","2,130","199,248,103",72.70,74.20,70.00,73.00,12.21
5525,順天,"125,471",106,"3,740,973",29.70,30.40,29.45,30.30,27.30
5531,鄉林,"1,498,726",662,"14,637,404",9.98,10.05,9.54,9.88,0.00
5533,皇鼎,"235,746",209,"4,504,554",19.20,19.35,18.85,19.30,13.13
5534,長虹,"792,246",789,"64,260,629",82.10,82.10,80.50,81.30,11.00
5538,東明-KY,"48,418",91,"1,515,558",31.80,31.95,30.95,31.05,17.06
5546,永固-KY,"7,501",18,"222,613",30.00,30.00,28.60,29.75,0.00
5607,遠雄港,"645,157",791,"26,216,846",41.00,41.10,40.15,40.95,23.53
5608,四維航,"1,222,812",738,"19,282,145",16.00,16.25,15.65,15.70,0.00
5706,鳳凰,"442,828","1,548","26,697,138",61.50,61.50,59.60,59.80,15.65
5871,中租-KY,"9,130,582","7,902","1,011,311,973",112.00,112.00,110.00,110.00,8.30
5871A,中租-KY甲特,"82,465",52,"8,132,594",98.70,98.70,98.50,98.60,0.00
5876,上海商銀,"10,008,729","4,647","409,822,943",40.55,41.20,40.50,40.90,18.85
5880,合庫金,"16,470,323","8,667","397,016,584",24.15,24.30,24.00,24.15,19.80
5906,台南-KY,"61,002",27,"3,421,417",55.10,57.00,55.10,55.10,25.51
5907,大洋-KY,"694,361",342,"6,597,352",9.93,9.93,9.20,9.56,0.00
6005,群益證,"20,517,637","9,557","570,052,839",27.60,28.20,26.80,27.90,12.86
6024,群益期,"651,945",893,"37,126,593",57.90,57.90,56.60,57.10,10.02
6108,競國,"1,361,625",682,"20,593,135",15.65,15.65,14.85,14.95,7.75
6112,邁達特,"15,333,153","11,632","882,754,386",59.30,60.10,55.00,57.80,35.24
6115,鎰勝,"137,465",152,"7,000,873",50.80,51.50,50.70,50.90,17.49
6116,彩晶,"5,561,560","2,767","41,832,828",7.67,7.67,7.45,7.58,0.00
6117,迎廣,"1,249,385","1,226","107,478,379",90.00,90.50,83.90,83.90,21.91
6120,達運,"1,737,107",827,"20,146,002",11.80,11.80,11.40,11.60,40.00
6128,上福,"62,953",78,"2,109,747",33.75,33.75,33.30,33.65,10.58
6133,金橋,"716,947",454,"12,715,835",18.40,18.40,17.55,17.70,50.57
6136,富爾特,"342,897",325,"7,860,579",23.10,23.10,22.70,22.95,32.79
6139,亞翔,"3,416,075","6,502","784,336,820",230.00,233.00,225.00,230.00,12.97
6141,柏承,"2,135,678","1,176","32,437,350",16.25,16.25,14.80,14.80,0.00
6142,友勁,"1,404,801",569,"14,626,006",10.75,11.05,10.00,10.35,0.00
6152,百一,"913,196",496,"10,972,538",12.40,12.40,11.90,11.95,0.00
6153,嘉聯益,"1,865,321","1,074","26,139,080",14.40,14.45,13.90,14.00,0.00
6155,鈞寶,"214,779",173,"5,154,830",24.95,24.95,23.55,23.70,33.38
6164,華興,"355,659",432,"4,536,940",13.20,13.20,12.60,12.60,46.67
6165,浪凡,"923,230",604,"41,304,990",46.90,46.90,43.45,44.10,44.55
6166,凌華,"618,105",607,"45,861,815",76.00,76.00,72.80,75.10,0.00
6168,宏齊,"2,932,818","1,573","63,203,103",22.50,22.50,21.10,21.25,236.11
6176,瑞儀,"2,219,566","2,176","428,561,411",195.50,196.50,190.50,190.50,15.17
6177,達麗,"1,967,122","2,017","78,776,521",40.90,40.90,39.50,40.00,8.91
6183,關貿,"41,350",170,"3,675,134",89.20,89.50,88.30,89.40,27.42
6184,大豐電,"100,893",100,"5,199,173",51.60,51.70,51.50,51.70,14.56
6189,豐藝,"1,178,046","1,175","88,161,547",76.90,76.90,73.50,75.10,13.86
6191,精成科,"14,698,688","8,876","947,015,350",66.80,66.90,62.80,63.20,9.80
6192,巨路,"1,177,442","1,334","120,900,452",105.50,105.50,100.00,102.00,11.66
6196,帆宣,"686,380",708,"99,261,175",148.00,148.00,142.50,147.00,17.31
6197,佳必琪,"1,424,580","1,347","187,403,866",130.00,134.00,129.00,132.50,16.38
6201,亞弘電,"35,698",50,"2,010,403",57.10,57.10,56.00,56.10,12.84
6202,盛群,"4,567,173","3,460","221,832,126",52.10,52.10,48.10,48.10,0.00
6205,詮欣,"545,282",380,"37,891,698",70.80,70.90,68.40,69.80,28.15
6206,飛捷,"597,354",818,"53,697,429",90.40,90.80,88.40,90.80,15.26
6209,今國光,"1,440,385","1,028","38,025,005",27.00,27.15,25.90,26.35,0.00
6213,聯茂,"4,840,685","3,625","333,653,603",71.70,71.70,67.40,69.50,27.15
6214,精誠,"2,063,451","2,092","265,503,157",131.00,131.50,127.50,128.00,18.82
6215,和椿,"21,366,487","14,973","2,053,552,814",99.40,100.50,92.80,95.90,61.47
6216,居易,"925,676",755,"34,055,975",37.60,38.00,36.20,36.70,15.23
6224,聚鼎,"414,408",326,"22,068,020",54.80,54.90,52.20,53.90,30.80
6225,天瀚,"9,002",9,"130,680",14.60,15.00,14.20,14.50,48.33
6226,光鼎,"418,226",129,"3,532,135",8.48,8.53,8.33,8.40,0.00
6230,尼得科超眾,"136,622","1,136","22,753,680",169.50,169.50,163.50,168.00,146.09
6235,華孚,"1,269,831","1,225","72,587,091",59.10,59.10,56.50,57.00,15.62
6239,力成,"3,656,562","2,718","427,934,421",120.00,120.00,115.00,115.00,9.31
6243,迅杰,"241,955",801,"10,757,310",45.95,45.95,43.85,43.85,121.81
6257,矽格,"3,292,048","2,415","223,928,486",69.20,69.50,67.20,67.90,14.60
6269,台郡,"1,390,696","1,200","83,780,881",61.30,61.30,59.80,60.10,49.26
6271,同欣電,"2,336,678","2,106","278,227,514",122.50,122.50,117.50,118.50,13.61
6277,宏正,"136,182",182,"10,073,353",75.10,75.10,73.40,74.00,19.07
6278,台表科,"1,967,254","1,666","205,112,344",108.00,108.00,103.00,103.00,10.46
6281,全國電,"100,322",186,"8,001,906",80.40,80.40,79.60,79.70,17.33
6282,康舒,"2,771,726","2,178","80,250,720",29.35,29.45,28.50,29.35,0.00
6283,淳安,"402,044",276,"10,196,834",26.05,26.05,25.00,25.30,0.00
6285,啟��,"3,544,130","5,402","440,114,098",128.00,128.50,122.50,123.00,18.06
6288,聯嘉,"1,606,051",753,"38,716,267",24.85,24.85,23.70,24.15,71.03
6405,悅城,"756,141",486,"22,078,916",29.15,29.55,28.95,29.05,0.00
6409,旭隼,"395,726","1,534","731,854,070","1,905.00","1,930.00","1,790.00","1,790.00",37.81
6412,群電,"1,116,943","1,724","142,411,925",130.50,131.00,124.50,128.50,14.87
6414,樺漢,"870,786","1,374","245,021,284",288.00,288.00,278.00,280.00,17.06
6415,矽力*-KY,"3,881,240","4,149","1,465,807,748",398.00,403.00,368.00,371.00,93.69
6416,瑞祺電通,"502,130",474,"55,668,263",114.00,114.00,109.00,110.50,26.95
6423,億而得-創,"55,920",71,"5,540,562",102.00,102.00,97.00,97.10,98.08
6426,統新,"3,005,946","3,126","243,463,817",86.80,87.00,78.20,78.20,0.00
6431,光麗-KY,"98,018",58,"1,432,813",14.75,14.90,14.45,14.45,0.00
6438,迅得,"3,424,465","4,836","672,470,786",200.00,202.00,190.00,196.00,38.66
6442,光聖,"976,766","1,327","545,618,675",590.00,590.00,546.00,546.00,63.34
6443,元晶,"5,545,629","2,442","88,836,841",16.50,16.50,15.70,16.00,50.00
6446,藥華藥,"3,891,453","8,159","2,766,371,237",730.00,732.00,696.00,706.00,126.98
6449,鈺邦,"1,029,839","1,282","136,056,285",141.00,141.00,128.00,130.00,26.92
6451,訊芯-KY,"12,749,962","18,329","3,011,047,294",257.00,257.00,228.00,228.00,135.71
6456,GIS-KY,"2,108,618","1,537","106,195,542",51.70,51.70,49.85,50.80,0.00
6464,台數科,"111,561",80,"8,723,647",78.30,78.50,77.90,78.40,14.18
6472,保瑞,"2,326,327","5,336","1,862,131,133",796.00,814.00,788.00,799.00,21.07
6477,安集,"1,458,121","1,090","54,072,426",38.30,38.30,36.10,37.30,0.00
6491,晶碩,"272,575",747,"97,192,956",364.00,364.00,353.00,356.00,13.91
6504,南六,"82,656",105,"5,395,708",66.10,67.20,64.40,64.40,306.67
6505,台塑化,"17,531,110","9,198","599,663,946",33.65,35.40,33.35,35.15,54.92
6515,穎崴,"1,295,261","2,209","1,492,281,915","1,255.00","1,255.00","1,110.00","1,130.00",44.65
6525,捷敏-KY,"757,449",866,"52,947,860",71.00,71.30,68.90,70.20,15.60
6526,達發,"1,078,310","3,832","691,075,786",671.00,671.00,628.00,631.00,47.73
6531,愛普*,"2,418,196","3,629","676,246,273",293.50,293.50,272.50,276.00,30.98
6533,晶心科,"1,034,590","1,962","379,684,629",381.00,381.00,360.50,360.50,0.00
6534,正瀚-創,"398,026",57,"32,986,058",83.00,83.70,81.60,83.00,22.37
6541,泰福-KY,"221,237",405,"13,961,666",65.10,65.10,62.40,63.00,0.00
6550,北極星藥業-KY,"1,522,872","1,051","68,255,234",47.00,47.10,43.60,44.10,0.00
6552,易華電,"355,014",364,"12,977,241",39.90,39.90,35.60,35.75,0.00
6558,興能高,"112,528,107","60,046","5,436,845,789",48.25,50.00,46.50,48.65,0.00
6573,虹揚-KY,"65,063",75,"908,351",14.55,14.55,13.60,13.90,0.00
6579,研揚,"417,319",543,"48,096,899",121.50,121.50,113.00,114.00,26.33
6581,鋼聯,"141,078",209,"14,861,395",107.50,108.00,104.00,105.50,15.42
6582,申豐,"274,283",297,"15,305,997",58.10,58.10,54.50,54.80,498.18
6585,鼎基,"482,272",458,"70,928,401",151.00,151.00,145.00,146.50,14.74
6591,動力-KY,"287,386",300,"14,340,125",51.20,51.20,49.10,50.00,16.50
6592,和潤企業,"512,268",628,"39,501,618",78.10,78.30,76.40,77.70,16.09
6592A,和潤企業甲特,"10,310",6,"987,774",95.80,95.90,95.80,95.90,0.00
6592B,和潤企業乙特,"9,336",15,"907,130",97.10,97.30,97.10,97.30,0.00
6598,ABC-KY,"681,037",364,"14,162,915",20.95,21.85,19.95,21.80,0.00
6605,帝寶,"747,324",896,"157,601,580",210.00,216.00,207.50,210.00,11.71
6606,建德工業,"96,332",92,"2,571,637",26.90,26.90,26.55,26.60,28.00
6625,必應,"559,035",861,"44,489,485",81.60,82.30,78.00,78.90,14.17
6641,基士德-KY,"48,888",60,"1,399,507",30.00,30.00,28.00,28.20,12.59
6645,金萬林-創,"45,385",40,"1,077,400",23.90,23.90,23.60,23.80,0.00
6655,科定,"18,058",24,"2,240,224",124.00,124.50,123.50,123.50,26.28
6657,華安,"946,509",935,"47,208,908",52.30,52.50,48.50,48.75,0.00
6658,聯策,"815,618",696,"54,028,540",70.60,70.60,65.20,65.30,310.95
6666,羅麗芬-KY,"54,236",61,"2,400,469",45.50,45.50,43.00,43.40,22.14
6668,中揚光,"974,119",937,"49,305,418",52.40,52.40,50.00,50.00,0.00
6669,緯穎,"2,862,290","6,828","7,016,131,585","2,540.00","2,555.00","2,410.00","2,425.00",23.42
6670,復盛應用,"1,158,396","3,504","380,276,685",336.50,336.50,323.50,330.00,13.89
6671,三能-KY,"23,000",11,"955,450",41.60,41.70,41.50,41.70,14.14
6672,騰輝電子-KY,"4,082,972","4,133","323,431,694",80.00,82.00,76.60,79.70,15.60
6674,鋐寶科技,"72,266",74,"1,594,294",22.10,23.05,21.60,22.10,0.00
6689,伊雲谷,"1,657,643","1,394","181,097,074",114.00,114.00,107.50,108.00,39.71
6691,洋基工程,"1,003,519","1,599","479,863,060",477.50,487.00,471.50,472.00,28.43
6695,芯鼎,"1,987,204","1,648","114,266,186",58.00,59.00,56.40,56.60,0.00
6698,旭暉應材,"333,353",586,"11,484,603",35.90,35.90,34.00,34.30,0.00
6706,惠特,"7,244,484","4,794","764,323,469",110.50,110.50,100.00,106.50,0.00
6715,嘉基,"242,410",311,"34,766,661",148.00,148.00,141.50,143.00,26.43
6719,力智,"1,391,988","5,972","323,810,570",239.50,239.50,228.50,229.50,98.50
6742,澤米,"3,647,498","2,703","241,120,703",67.20,67.70,64.10,67.30,0.00
6743,安普新,"347,387",242,"13,947,265",40.75,40.80,39.75,40.35,17.47
6753,龍德造船,"1,363,444","1,506","141,016,436",104.00,105.50,101.50,102.00,14.35
6754,匯僑設計,"124,296",234,"7,955,888",63.60,65.40,63.00,64.60,10.34
6756,威鋒電子,"283,628",466,"31,692,561",118.50,118.50,110.00,110.50,54.43
6757,台灣虎航,"10,919,685","8,845","963,782,646",88.60,89.90,86.70,88.50,13.43
6768,志強-KY,"983,296",888,"121,005,846",122.50,126.50,120.50,123.00,18.55
6770,力積電,"25,797,589","7,853","353,925,706",14.10,14.15,13.50,13.65,0.00
6771,平和環保-創,"45,010",30,"2,392,639",54.10,54.10,52.60,53.20,12.88
6776,展碁,"204,949",166,"11,650,635",57.50,57.80,55.10,56.70,12.38
6781,AES-KY,"3,537,919","3,830","3,879,377,440","1,130.00","1,130.00","1,055.00","1,130.00",50.51
6782,視陽,"398,747",553,"64,509,658",167.50,167.50,160.00,161.50,16.45
6789,采鈺,"2,577,655","4,749","794,032,139",317.50,319.50,301.00,304.50,79.50
6790,永豐實,"386,520",313,"15,656,465",40.90,40.90,40.30,40.75,11.99
6792,詠業,"134,875",233,"7,782,054",60.20,60.20,56.60,57.60,30.16
6794,向榮生技-創,"9,000",7,"621,100",71.00,71.00,67.70,69.00,0.00
6796,晉弘,"186,799",247,"17,532,508",95.20,97.00,91.60,92.80,0.00
6799,來頡,"323,191",854,"27,329,285",88.40,88.40,83.20,84.00,23.66
6805,富世達,"3,195,779","7,155","2,148,425,269",706.00,713.00,657.00,659.00,45.64
6806,森崴能源,"1,943,385","1,701","208,869,573",107.00,110.00,105.50,107.50,30.28
6807,峰源-KY,"451,573",417,"35,637,763",82.00,82.00,77.60,78.50,10.62
6830,汎銓,"3,402,385","2,957","543,672,146",161.50,165.00,153.50,160.50,71.02
6834,天二科技,"434,631",259,"12,718,791",30.05,30.40,28.50,29.25,225.00
6835,圓裕,"162,121",133,"6,611,792",41.60,41.60,40.15,41.20,12.15
6838,台新藥,"309,183",257,"10,401,594",34.25,34.30,33.00,33.60,0.00
6854,錼創科技-KY創,"1,337,939","1,165","261,967,705",201.00,204.00,188.00,200.00,0.00
6861,睿生光電,"74,162",241,"4,500,433",62.80,62.80,59.00,60.30,21.08
6862,三集瑞-KY,"234,806",248,"36,398,557",161.50,162.00,149.50,153.00,17.15
6863,永道-KY,"1,236,767","2,077","314,415,719",261.50,261.50,246.50,255.50,26.61
6869,雲豹能源,"1,946,762","1,966","291,932,285",150.50,153.00,147.00,152.00,74.88
6873,泓德能源,"1,463,663","1,802","281,164,339",200.00,200.00,189.00,189.00,20.11
6885,全福生技,"301,679",221,"9,017,799",30.40,30.40,29.70,29.75,0.00
6890,來億-KY,"2,610,518","2,924","1,142,237,621",434.00,448.00,423.50,445.00,80.47
6901,鑽石投資,"1,208,864",965,"36,673,287",31.80,31.80,29.95,30.10,0.00
6902,GOGOLOOK-創,"17,334",31,"1,978,600",117.00,117.50,111.50,116.00,0.00
6906,現觀科,"273,076",322,"35,316,024",133.50,133.50,126.50,130.00,39.27
6914,阜爾運通,"59,360",110,"6,926,659",117.50,119.50,114.50,115.00,16.17
6916,華凌,"43,000",30,"961,650",22.55,22.90,21.90,22.90,143.12
6919,康霈*,"2,230,890","10,322","1,440,367,634",659.00,668.00,632.00,635.00,0.00
6923,中台,"46,416",82,"3,584,875",78.80,78.80,76.60,78.10,22.70
6924,榮惠-KY創,"15,000",10,"1,359,800",91.50,92.00,89.50,91.60,16.36
6928,攸泰科技,"1,275,453","1,433","86,186,742",65.30,70.40,65.20,67.40,0.00
6933,AMAX-KY,"315,897","1,389","66,672,398",213.50,219.00,203.00,206.00,53.79
6937,天虹,"1,621,825","2,214","517,493,076",329.00,330.50,313.00,318.50,52.56
6949,沛爾生醫-創,"4,103",7,"324,234",78.60,80.20,78.50,80.20,0.00
6951,青新-創,"111,928",203,"7,708,656",71.20,71.20,67.50,69.10,17.28
6952,大武山,"20,510",28,"981,685",47.80,48.50,47.25,48.05,25.97
6955,邦睿生技-創,"18,012",15,"2,598,792",145.00,145.50,143.00,145.50,56.61
6957,裕慶-KY,"909,510",907,"194,718,722",228.00,228.00,211.00,211.00,13.24
6958,日盛台駿,"136,258",146,"3,161,172",23.70,23.95,22.95,23.20,19.33
6962,ITH-KY,"1,788,156","1,703","88,846,572",50.70,51.20,49.25,49.35,20.23
6969,成信實業*-創,"128,003",75,"5,557,385",43.70,45.00,42.00,42.30,0.00
6988,威力暘-創,"47,000",22,"1,251,000",26.90,27.00,26.25,26.70,"2,670.00"
7705,三商餐飲,"139,082",217,"9,485,067",68.60,69.10,67.90,68.00,16.19
7722,LINEPAY,"401,006","2,783","231,792,709",590.00,594.00,559.00,583.00,56.77
8011,台通,"1,320,244",803,"29,370,659",22.95,22.95,22.05,22.10,28.33
8016,矽創,"776,017","1,033","160,133,741",210.50,210.50,204.00,206.50,13.28
8021,尖點,"1,310,396","1,066","41,461,392",32.65,32.65,31.10,31.65,23.27
8028,昇陽半導體,"12,155,036","8,968","1,491,357,471",127.00,127.50,119.50,121.00,71.18
8033,雷虎,"1,272,812","1,204","80,441,272",63.60,63.80,62.00,63.50,244.23
8039,台虹,"7,828,293","5,890","342,725,908",46.30,46.30,42.65,42.95,17.53
8045,達運光電,"800,497",828,"84,845,756",112.00,112.00,104.00,105.00,16.43
8046,南電,"2,837,885","2,470","348,897,833",126.50,126.50,121.00,122.00,91.04
8070,長華*,"3,458,109","2,477","142,802,910",42.00,42.00,40.85,41.05,21.05
8072,陞泰,"70,872",371,"1,648,292",23.65,23.65,23.00,23.20,29.00
8081,致新,"525,279",738,"117,050,779",226.50,226.50,221.50,222.00,13.14
8101,華冠,"121,647",103,"2,429,548",20.00,20.30,19.50,19.50,0.00
8103,瀚荃,"1,042,996",775,"48,729,616",47.90,48.35,45.85,46.50,16.09
8104,錸寶,"1,320,233","1,222","53,792,612",42.60,42.60,40.00,40.15,334.58
8105,凌巨,"1,411,444",564,"19,642,380",14.15,14.15,13.70,14.05,0.00
8110,華東,"1,378,905",694,"17,486,879",13.05,13.05,12.50,12.70,42.33
8112,至上,"2,990,219","2,579","169,870,075",58.10,58.10,56.40,56.70,11.96
8112A,至上甲特,"42,123",24,"1,851,812",44.00,44.00,43.95,43.95,0.00
8114,振樺電,"709,806",958,"242,001,536",342.00,347.00,332.50,342.00,38.73
8131,福懋科,"643,972",490,"17,229,556",27.10,27.10,26.50,26.80,15.23
8150,南茂,"2,784,772","1,909","81,805,205",29.85,29.90,29.05,29.50,12.83
8162,微矽電子-創,"21,008",21,"818,420",40.25,40.25,38.00,39.50,32.92
8163,達方,"1,523,647","1,598","63,902,198",43.30,43.30,41.60,41.80,16.33
8201,無敵,"145,813",76,"2,044,292",14.00,14.25,14.00,14.05,0.00
8210,勤誠,"3,238,845","4,379","789,399,654",260.50,260.50,237.00,240.00,14.37
8213,志超,"464,960",740,"15,210,727",33.50,33.50,32.50,32.80,10.19
8215,明基材,"518,041",451,"14,491,286",28.50,28.60,27.65,28.20,47.80
8222,寶一,"409,016",299,"14,797,180",37.15,37.15,35.60,35.60,34.90
8249,菱光,"4,509,351","2,882","221,034,188",49.75,50.40,48.20,48.30,20.82
8261,富鼎,"906,045","1,749","72,993,041",82.50,82.60,79.40,80.40,21.38
8271,宇瞻,"380,677",449,"16,088,884",43.50,43.50,41.80,42.25,13.29
8341,日友,"187,550",466,"15,220,710",81.50,81.70,80.70,81.30,23.30
8367,建新國際,"191,836",127,"8,412,980",44.70,44.95,42.95,44.95,11.92
8374,羅昇,"1,994,997","2,011","239,141,977",124.00,124.00,118.50,118.50,846.43
8404,百和興業-KY,"1,573,433",958,"39,487,741",25.50,25.50,24.80,25.15,71.86
8411,福貞-KY,"91,164",113,"1,172,409",13.15,13.15,12.50,13.10,0.00
8422,可寧衛,"193,948",291,"34,571,114",178.50,179.00,178.00,178.50,18.97
8429,金麗-KY,"1,568,639",707,"15,178,787",9.86,9.86,9.55,9.71,485.50
8438,昶昕,"159,671",163,"4,729,104",31.60,31.60,28.80,29.30,13.44
8442,威宏-KY,"309,622",535,"28,433,623",94.60,95.00,90.10,92.30,8.94
8443,阿瘦,"29,955",130,"339,671",11.45,11.45,11.30,11.30,0.00
8454,富邦媒,"455,517","1,636","150,874,088",333.00,335.50,328.00,334.00,24.15
8462,柏文,"130,869",213,"14,002,630",108.50,108.50,105.00,107.50,29.61
8463,潤泰材,"99,000",92,"2,395,016",25.80,25.80,23.65,23.90,20.25
8464,億豐,"1,138,392","1,226","474,505,630",408.50,423.50,408.50,416.50,19.11
8466,美吉吉-KY,"87,283",81,"3,486,568",41.05,41.05,39.50,39.50,48.17
8467,波力-KY,"340,965",611,"97,337,308",295.00,298.00,280.00,280.50,28.25
8473,山林水,"339,505",393,"12,284,678",36.95,37.20,35.70,35.85,31.73
8476,台境*,"118,115",100,"2,742,400",23.95,23.95,22.90,23.25,11.45
8478,東哥遊艇,"705,626","1,143","123,066,723",179.50,180.00,172.00,172.50,9.28
8481,政伸,"14,949",30,"738,269",49.15,49.50,49.15,49.20,21.39
8482,商億-KY,"135,423",90,"11,875,916",87.90,88.30,87.20,87.90,29.50
8487,愛爾達-創,"1,013",4,"73,257",72.30,72.30,72.30,72.30,10.86
8488,吉源-KY,"10,164",11,"129,698",12.65,13.20,12.60,13.20,0.00
8499,鼎炫-KY,"57,631",48,"6,662,584",117.00,117.00,115.00,115.00,13.20
8926,台汽電,"1,233,758",909,"49,422,246",40.20,40.45,39.85,40.45,25.44
8940,新天地,"68,105",90,"1,554,920",23.40,23.40,22.50,22.80,91.20
8996,高力,"2,204,847","3,638","650,436,817",297.50,302.00,290.00,294.50,50.00
9103,美德醫療-DR,"494,059",226,"3,225,841",6.80,6.81,6.35,6.43,0.00
910322,康師傅-DR,"67,254",62,"1,534,350",22.60,23.10,22.60,22.75,0.00
9105,泰金寶-DR,"75,664,035","13,905","667,413,145",9.01,9.05,8.65,8.78,0.00
910861,神州-DR,"2,000",1,"13,000",6.50,6.50,6.50,6.50,0.00
9110,越南控-DR,"12,000",5,"81,800",6.81,6.99,6.80,6.80,0.00
911608,明輝-DR,"73,000",31,"242,980",3.40,3.40,3.26,3.33,0.00
911622,泰聚亨-DR,"33,503",30,"146,147",4.57,4.57,4.24,4.49,0.00
911868,同方友友-DR,"331,578",61,"468,957",1.42,1.42,1.40,1.41,0.00
912000,晨訊科-DR,"940,878",381,"2,745,543",3.00,3.00,2.90,2.91,0.00
9136,巨騰-DR,"194,000",51,"1,234,040",6.40,6.40,6.30,6.37,0.00
9802,鈺齊-KY,"2,713,314","2,303","319,163,378",118.00,121.50,115.50,117.00,26.06
9902,台火,"410,156",232,"6,076,180",15.05,15.10,14.60,14.65,18.31
9904,寶成,"11,078,209","4,856","391,809,327",35.85,36.20,35.10,35.20,7.51
9905,大華,"150,189",112,"3,430,297",22.85,22.95,22.75,22.95,15.00
9906,欣巴巴,"854,654",758,"90,222,172",104.00,108.50,101.50,106.50,31.79
9907,統一實,"2,651,802","1,518","38,789,080",14.75,14.85,14.50,14.65,21.87
9908,大台北,"242,501",204,"7,288,249",30.00,30.25,30.00,30.25,15.43
9910,豐泰,"1,077,479","1,013","139,559,154",131.00,131.00,128.00,130.00,22.85
9911,櫻花,"457,419",821,"37,737,821",83.50,83.50,82.10,82.70,13.51
9912,偉聯,"61,069",88,"724,125",11.90,12.00,11.70,11.95,0.00
9914,美利達,"1,279,339","1,950","194,794,361",153.00,154.50,149.00,153.00,31.35
9917,中保科,"524,448",777,"63,988,708",123.00,123.00,121.00,123.00,19.34
9918,欣天然,"12,456",54,"490,306",39.30,39.70,39.30,39.35,17.41
9919,康那香,"17,799,194","8,749","379,651,538",20.90,22.10,20.65,20.95,0.00
9921,巨大,"1,154,468","1,202","164,353,043",142.50,143.50,141.00,143.50,22.96
9924,福興,"159,526",215,"8,115,259",51.60,51.60,50.50,51.10,10.47
9925,新保,"362,700",271,"14,741,949",40.80,41.00,40.55,40.55,17.48
9926,新海,"10,215",22,"515,908",50.50,50.80,50.40,50.60,18.53
9927,泰銘,"220,195",205,"14,263,315",64.90,65.60,64.50,65.40,11.05
9928,中視,"124,009",85,"1,855,537",15.05,15.40,14.75,15.35,46.52
9929,秋雨,"8,001",9,"124,715",15.60,15.80,15.50,15.80,0.00
9930,中聯資源,"141,570",323,"9,397,802",66.60,66.70,66.00,66.50,15.29
9931,欣高,"9,482",23,"319,467",33.50,33.95,33.50,33.95,14.70
9933,中鼎,"1,895,821","1,377","74,339,009",39.50,39.50,38.95,39.20,15.49
9934,成霖,"1,454,754",771,"19,607,483",13.45,13.80,13.20,13.25,9.74
9935,慶豐富,"724,436",542,"21,476,046",30.00,30.70,29.00,29.35,15.61
9937,全國,"48,223",79,"3,016,107",62.80,63.20,62.10,62.80,26.06
9938,百和,"1,173,988","1,041","78,341,922",67.40,67.40,66.10,67.40,15.97
9939,宏全,"942,910","1,021","134,991,000",144.50,145.50,142.00,144.50,14.55
9940,信義,"671,692",645,"18,754,073",28.15,28.20,27.80,27.80,10.49
9941,裕融,"984,177","1,152","109,158,036",111.50,112.00,110.00,110.50,13.63
9941A,裕融甲特,"12,000",11,"614,800",51.30,51.30,51.20,51.30,0.00
9942,茂順,"117,079",198,"13,033,238",112.50,112.50,110.50,110.50,12.73
9943,好樂迪,"152,517",259,"11,732,415",78.00,78.00,76.40,76.80,16.07
9944,新麗,"68,835",79,"1,395,945",20.50,20.55,20.00,20.15,167.92
9945,潤泰新,"6,963,662","4,443","278,100,133",40.05,40.55,39.35,40.35,10.14
9946,三發地產,"837,322",504,"17,542,828",21.85,21.90,20.40,20.70,23.52
9955,佳龍,"315,182",263,"8,870,059",28.25,28.65,27.75,28.30,0.00
9958,世紀鋼,"4,720,762","4,217","697,555,611",155.00,155.00,145.00,146.00,17.80